gene_id,kegg
MGYG000321817_01105,K00929
MGYG000329337_01379,K00929
MGYG000325605_00525,K00929
MGYG000330630_01570,K00929
MGYG000410858_00086,K00929
MGYG000323329_00673,K00929
MGYG000410775_01451,K00929
MGYG000325739_00185,K00929
MGYG000411259_00019,K00929
MGYG000327020_00259,K00929
MGYG000322427_00304,K00929
MGYG000330718_00829,K00929
MGYG000325341_02418,K00929
MGYG000328958_01506,K00929
MGYG000328991_02451,K00929
MGYG000330624_01101,K00929
MGYG000325561_00532,K00929
MGYG000325757_00223,K00929
MGYG000410836_00720,K00929
MGYG000331414_00338,K00929
MGYG000331414_02020,K00929
MGYG000325010_01168,K00929
MGYG000325683_00231,K00929
MGYG000322540_03345,K00929
MGYG000390088_01520,K00929
MGYG000324142_01697,K00929
MGYG000321858_00961,K00929
MGYG000326964_00913,K00929
MGYG000328238_01540,K00929
MGYG000322821_03489,K00929
MGYG000325406_01660,K00929
MGYG000322360_00392,K00929
MGYG000322156_01259,K00929
MGYG000331090_01827,K00929
MGYG000410945_01552,K00929
MGYG000323691_01408,K00929
MGYG000324849_00224,K00929
MGYG000324849_01286,K00929
MGYG000324849_01983,K00929
MGYG000322973_01779,K00929
MGYG000327551_02364,K00929
MGYG000329585_00726,K00929
MGYG000329585_01843,K00929
MGYG000322697_00553,K00929
MGYG000354465_00332,K00929
MGYG000328195_00097,K00929
MGYG000378854_02021,K00929
MGYG000325468_01577,K00929
MGYG000322762_01020,K00929
MGYG000322281_02195,K00929
MGYG000322248_01329,K00929
MGYG000325374_02144,K00929
MGYG000365031_00915,K00929
MGYG000327237_01678,K00929
MGYG000411368_01784,K00929
MGYG000325578_01369,K00929
MGYG000322444_02631,K00929
MGYG000327261_00950,K00929
MGYG000324324_03176,K00929
MGYG000329030_01922,K00929
MGYG000411062_02010,K00929
MGYG000324175_00249,K00929
MGYG000330701_01389,K00929
MGYG000330471_00138,K00929
MGYG000330471_00624,K00929
MGYG000329947_01002,K00929
MGYG000329947_03055,K00929
MGYG000326696_02410,K00929
MGYG000325358_00228,K00929
MGYG000321860_01266,K00929
MGYG000402797_01953,K00929
MGYG000324959_01735,K00929
MGYG000338252_00021,K00929
MGYG000333614_02366,K00929
MGYG000357081_02691,K00929
MGYG000331239_02171,K00929
MGYG000433885_01642,K00929
MGYG000321759_02168,K00929
MGYG000324383_01972,K00929
MGYG000324383_03249,K00929
MGYG000433761_01275,K00929
MGYG000325385_00182,K00929
MGYG000322046_01380,K00929
MGYG000322046_01381,K00929
MGYG000322100_00496,K00929
MGYG000322931_02253,K00929
MGYG000330838_01602,K00929
MGYG000331133_01258,K00929
MGYG000328328_02993,K00929
MGYG000322982_00842,K00929
MGYG000329604_01922,K00929
MGYG000330629_00526,K00929
MGYG000329929_01791,K00929
MGYG000410098_00072,K00929
MGYG000410098_00602,K00929
MGYG000410098_01154,K00929
MGYG000410098_01570,K00929
MGYG000410098_01815,K00929
MGYG000410098_02205,K00929
MGYG000323257_01540,K00929
MGYG000323257_01541,K00929
MGYG000326644_00040,K00929
MGYG000387283_01439,K00929
MGYG000328974_00916,K00929
MGYG000331168_01903,K00929
MGYG000325647_01205,K00929
MGYG000326314_02371,K00929
MGYG000321702_00273,K00929
MGYG000410737_02151,K00929
MGYG000385025_00529,K00929
MGYG000330863_02721,K00929
MGYG000322537_01317,K00929
MGYG000325317_00435,K00929
MGYG000411349_01686,K00929
MGYG000432202_01475,K00929
MGYG000325629_00624,K00929
MGYG000411455_03560,K00929
MGYG000322465_02252,K00929
MGYG000329893_01346,K00929
MGYG000323149_00135,K00929
MGYG000326888_00550,K00929
MGYG000324844_02173,K00929
MGYG000331276_01134,K00929
MGYG000411569_00727,K00929
MGYG000329361_01598,K00929
MGYG000330982_01050,K00929
MGYG000322559_02226,K00929
MGYG000321888_00913,K00929
MGYG000321888_03936,K00929
MGYG000410874_00273,K00929
MGYG000325636_02203,K00929
MGYG000325400_01242,K00929
MGYG000328302_02208,K00929
MGYG000323156_02085,K00929
MGYG000326773_00102,K00929
MGYG000330486_01225,K00929
MGYG000322546_01004,K00929
MGYG000322894_01616,K00929
MGYG000329148_00466,K00929
MGYG000330215_01482,K00929
MGYG000322636_01704,K00929
MGYG000322400_00955,K00929
MGYG000331213_00002,K00929
MGYG000401527_01315,K00929
MGYG000326153_03325,K00929
MGYG000331355_02156,K00929
MGYG000331388_00577,K00929
MGYG000326976_00654,K00929
MGYG000410939_00238,K00929
MGYG000410752_01364,K00929
MGYG000325528_00369,K00929
MGYG000322849_01006,K00929
MGYG000322880_00862,K00929
MGYG000322880_00915,K00929
MGYG000322880_01784,K00929
MGYG000411424_00477,K00929
MGYG000322552_02366,K00929
MGYG000323468_03383,K00929
MGYG000324412_01763,K00929
MGYG000322002_02447,K00929
MGYG000325552_01190,K00929
MGYG000322144_01244,K00929
MGYG000333004_00450,K00929
MGYG000321746_02570,K00929
MGYG000410897_01222,K00929
MGYG000411319_00345,K00929
MGYG000332700_02096,K00929
MGYG000323355_00076,K00929
MGYG000323355_00127,K00929
MGYG000323355_01840,K00929
MGYG000321811_03468,K00929
MGYG000325603_01181,K00929
MGYG000322812_02164,K00929
MGYG000330894_00207,K00929
MGYG000330894_00800,K00929
MGYG000329041_01820,K00929
MGYG000322486_02675,K00929
MGYG000322492_02111,K00929
MGYG000325567_00898,K00929
MGYG000327562_02883,K00929
MGYG000327081_01620,K00929
MGYG000322940_01271,K00929
MGYG000330764_01393,K00929
MGYG000329113_00574,K00929
MGYG000322037_02168,K00929
MGYG000330308_00792,K00929
MGYG000323207_01567,K00929
MGYG000335904_00602,K00929
MGYG000323031_01638,K00929
MGYG000331412_00284,K00929
MGYG000331412_00935,K00929
MGYG000324207_02164,K00929
MGYG000331004_00775,K00929
MGYG000410598_01176,K00929
MGYG000330262_00678,K00929
MGYG000322916_03987,K00929
MGYG000411321_00219,K00929
MGYG000325688_00546,K00929
MGYG000322844_01738,K00929
MGYG000327466_01410,K00929
MGYG000330726_01126,K00929
MGYG000325713_01703,K00929
MGYG000322419_01223,K00929
MGYG000410872_00225,K00929
MGYG000321847_01163,K00929
MGYG000357761_00021,K00929
MGYG000411209_00757,K00929
MGYG000362090_00938,K00929
MGYG000325419_02635,K00929
MGYG000330937_02329,K00929
MGYG000411179_00540,K00929
MGYG000329401_01333,K00929
MGYG000411408_01501,K00929
MGYG000329170_00935,K00929
MGYG000325674_00292,K00929
MGYG000325504_00592,K00929
MGYG000411252_00715,K00929
MGYG000322949_00569,K00929
MGYG000330061_02548,K00929
MGYG000322959_00254,K00929
MGYG000322959_00822,K00929
MGYG000329799_01837,K00929
MGYG000329420_00597,K00929
MGYG000323358_02520,K00929
MGYG000326866_00109,K00929
MGYG000323516_01342,K00929
MGYG000323516_02091,K00929
MGYG000323516_02736,K00929
MGYG000323516_02835,K00929
MGYG000330305_01904,K00929
MGYG000325795_00646,K00929
MGYG000322660_00904,K00929
MGYG000410901_02983,K00929
MGYG000321796_03147,K00929
MGYG000328815_01783,K00929
MGYG000328815_01784,K00929
MGYG000330463_00899,K00929
MGYG000330463_01455,K00929
MGYG000411136_00170,K00929
MGYG000327453_03358,K00929
MGYG000329819_02653,K00929
MGYG000330719_01531,K00929
MGYG000328218_01619,K00929
MGYG000324807_01761,K00929
MGYG000331003_01242,K00929
MGYG000410884_00130,K00929
MGYG000403565_02379,K00929
MGYG000322206_01695,K00929
MGYG000321802_00474,K00929
MGYG000321802_00475,K00929
MGYG000410140_02270,K00929
MGYG000410140_02691,K00929
MGYG000331079_00461,K00929
MGYG000410965_01911,K00929
MGYG000329336_00234,K00929
MGYG000325604_01724,K00929
MGYG000325432_01513,K00929
MGYG000322024_02027,K00929
MGYG000325742_00109,K00929
MGYG000322354_00084,K00929
MGYG000322354_01299,K00929
MGYG000409790_01883,K00929
MGYG000323328_00795,K00929
MGYG000323328_01347,K00929
MGYG000322604_01800,K00929
MGYG000322929_00107,K00929
MGYG000322929_00786,K00929
MGYG000322929_02037,K00929
MGYG000330157_01605,K00929
MGYG000328850_02576,K00929
MGYG000331346_00753,K00929
MGYG000328531_02147,K00929
MGYG000325719_02122,K00929
MGYG000322280_00062,K00929
MGYG000322280_01048,K00929
MGYG000322280_01092,K00929
MGYG000330953_00304,K00929
MGYG000330953_00827,K00929
MGYG000330953_01034,K00929
MGYG000322631_00508,K00929
MGYG000410577_00098,K00929
MGYG000326012_01300,K00929
MGYG000397726_01882,K00929
MGYG000323292_01857,K00929
MGYG000322682_01630,K00929
MGYG000327258_03505,K00929
MGYG000327258_04268,K00929
MGYG000418336_00386,K00929
MGYG000329245_02039,K00929
MGYG000322227_00914,K00929
MGYG000327402_01182,K00929
MGYG000327919_00665,K00929
MGYG000410161_00304,K00929
MGYG000410161_01090,K00929
MGYG000328305_03263,K00929
MGYG000328305_04970,K00929
MGYG000402959_00561,K00929
MGYG000410071_00216,K00929
MGYG000330714_01331,K00929
MGYG000383923_00633,K00929
MGYG000330652_03158,K00929
MGYG000428125_00639,K00929
MGYG000322271_03062,K00929
MGYG000325667_00384,K00929
MGYG000325498_01617,K00929
MGYG000324794_00321,K00929
MGYG000409998_03040,K00929
MGYG000321722_01013,K00929
MGYG000321722_01599,K00929
MGYG000325337_01384,K00929
MGYG000323827_02031,K00929
MGYG000322498_02562,K00929
MGYG000331633_00376,K00929
MGYG000331633_00922,K00929
MGYG000322997_00030,K00929
MGYG000427398_01126,K00929
MGYG000322359_00998,K00929
MGYG000322503_03130,K00929
MGYG000327921_00898,K00929
MGYG000322735_01402,K00929
MGYG000326320_00236,K00929
MGYG000410703_02340,K00929
MGYG000362066_02359,K00929
MGYG000325390_01474,K00929
MGYG000322924_01425,K00929
MGYG000322924_02753,K00929
MGYG000322323_00397,K00929
MGYG000410586_01963,K00929
MGYG000325558_02686,K00929
MGYG000325591_00969,K00929
MGYG000329892_00541,K00929
MGYG000325628_01565,K00929
MGYG000330930_00017,K00929
MGYG000329967_00288,K00929
MGYG000329967_00339,K00929
MGYG000329967_01567,K00929
MGYG000330721_00007,K00929
MGYG000324181_00285,K00929
MGYG000321840_03396,K00929
MGYG000321779_00015,K00929
MGYG000326968_01937,K00929
MGYG000324476_00839,K00929
MGYG000328528_00261,K00929
MGYG000359648_00594,K00929
MGYG000327533_02654,K00929
MGYG000329835_01510,K00929
MGYG000325700_00875,K00929
MGYG000322585_02312,K00929
MGYG000322857_02380,K00929
MGYG000327196_01061,K00929
MGYG000325646_01081,K00929
MGYG000327369_01328,K00929
MGYG000331263_02336,K00929
MGYG000322536_02385,K00929
MGYG000329001_02686,K00929
MGYG000325585_00582,K00929
MGYG000338623_00343,K00929
MGYG000322193_02339,K00929
MGYG000321766_01232,K00929
MGYG000323249_01860,K00929
MGYG000321882_01835,K00929
MGYG000321882_04975,K00929
MGYG000322881_03029,K00929
MGYG000411563_01723,K00929
MGYG000322623_00497,K00929
MGYG000410729_02174,K00929
MGYG000325286_02076,K00929
MGYG000322832_01587,K00929
MGYG000329419_01289,K00929
MGYG000329419_01734,K00929
MGYG000329419_02310,K00929
MGYG000330794_01721,K00929
MGYG000405033_01621,K00929
MGYG000327859_00240,K00929
MGYG000325547_00608,K00929
MGYG000331268_00944,K00929
MGYG000321825_00657,K00929
MGYG000353689_01754,K00929
MGYG000325198_00313,K00929
MGYG000330164_01351,K00929
MGYG000321896_00403,K00929
MGYG000331354_01558,K00929
MGYG000325616_00986,K00929
MGYG000331280_00765,K00929
MGYG000331280_00770,K00929
MGYG000333766_00312,K00929
MGYG000324426_03119,K00929
MGYG000325200_00486,K00929
MGYG000329732_03483,K00929
MGYG000325493_01949,K00929
MGYG000321753_01177,K00929
MGYG000342846_01355,K00929
MGYG000324738_02082,K00929
MGYG000411318_01473,K00929
MGYG000322328_01755,K00929
MGYG000322434_00510,K00929
MGYG000323212_01605,K00929
MGYG000322022_00057,K00929
MGYG000322022_00058,K00929
MGYG000325434_01287,K00929
MGYG000325712_00542,K00929
MGYG000322132_00555,K00929
MGYG000322242_01578,K00929
MGYG000325654_00779,K00929
MGYG000329366_01245,K00929
MGYG000322845_02092,K00929
MGYG000404137_00535,K00929
MGYG000410332_01012,K00929
MGYG000328360_02969,K00929
MGYG000410274_00854,K00929
MGYG000323187_02283,K00929
MGYG000328892_01655,K00929
MGYG000410724_02178,K00929
MGYG000331101_01330,K00929
MGYG000409962_01133,K00929
MGYG000331337_03424,K00929
MGYG000321711_02176,K00929
MGYG000324299_00238,K00929
MGYG000322195_00225,K00929
MGYG000327912_00212,K00929
MGYG000331390_00200,K00929
MGYG000325640_01234,K00929
MGYG000322126_03485,K00929
MGYG000322917_02587,K00929
MGYG000322917_02589,K00929
MGYG000410461_01366,K00929
MGYG000360698_00666,K00929
MGYG000322661_01525,K00929
MGYG000325794_00007,K00929
MGYG000322511_04006,K00929
MGYG000328213_01126,K00929
MGYG000325661_02781,K00929
MGYG000322794_01885,K00929
MGYG000371586_00166,K00929
MGYG000322870_01135,K00929
MGYG000329509_01266,K00929
MGYG000329812_01858,K00929
MGYG000322439_01909,K00929
MGYG000322922_00639,K00929
MGYG000329492_00888,K00929
MGYG000327439_00132,K00929
MGYG000324111_02676,K00929
MGYG000329989_01760,K00929
MGYG000330640_00152,K00929
MGYG000328207_03666,K00929
MGYG000331299_00278,K00929
MGYG000326783_01841,K00929
MGYG000365973_00727,K00929
MGYG000321992_02450,K00929
MGYG000328561_01044,K00929
MGYG000321730_00751,K00929
MGYG000321730_02900,K00929
MGYG000410929_01564,K00929
MGYG000321777_04111,K00929
MGYG000325648_02130,K00929
MGYG000410738_02311,K00929
MGYG000402777_01267,K00929
MGYG000402777_01269,K00929
MGYG000410354_00657,K00929
MGYG000325632_01552,K00929
MGYG000329907_00984,K00929
MGYG000325404_00579,K00929
MGYG000322362_00667,K00929
MGYG000327547_00890,K00929
MGYG000322695_00879,K00929
MGYG000325626_04813,K00929
MGYG000331109_01299,K00929
MGYG000331279_00519,K00929
MGYG000325376_00126,K00929
MGYG000327529_01470,K00929
MGYG000329534_01805,K00929
MGYG000329534_01810,K00929
MGYG000329534_02524,K00929
MGYG000326972_00099,K00929
MGYG000411221_02152,K00929
MGYG000374941_02198,K00929
MGYG000322357_01690,K00929
MGYG000327058_01773,K00929
MGYG000330890_01439,K00929
MGYG000325094_00822,K00929
MGYG000330632_00111,K00929
MGYG000330632_00670,K00929
MGYG000325431_01674,K00929
MGYG000329429_03145,K00929
MGYG000331258_00810,K00929
MGYG000330681_00872,K00929
MGYG000329665_01830,K00929
MGYG000330154_01513,K00929
MGYG000325950_00457,K00929
MGYG000411547_02618,K00929
MGYG000326481_00122,K00929
MGYG000321742_00398,K00929
MGYG000345714_00364,K00929
MGYG000345714_01428,K00929
MGYG000325519_01977,K00929
MGYG000325802_00136,K00929
MGYG000411286_03128,K00929
MGYG000325175_01488,K00929
MGYG000411309_01122,K00929
MGYG000354219_01473,K00929
MGYG000322755_03427,K00929
MGYG000328866_01750,K00929
MGYG000323203_01633,K00929
MGYG000409996_00309,K00929
MGYG000409996_02885,K00929
MGYG000409996_03193,K00929
MGYG000330699_02976,K00929
MGYG000322175_00155,K00929
MGYG000329694_00551,K00929
MGYG000322779_00909,K00929
MGYG000325645_00788,K00929
MGYG000322123_01047,K00929
MGYG000411055_01254,K00929
MGYG000323313_01267,K00929
MGYG000322968_00135,K00929
MGYG000322968_02293,K00929
MGYG000322645_01976,K00929
MGYG000331110_03217,K00929
MGYG000331110_03863,K00929
MGYG000328883_00809,K00929
MGYG000321839_01004,K00929
MGYG000321839_01005,K00929
MGYG000321839_01006,K00929
MGYG000411382_01858,K00929
MGYG000432807_00013,K00929
MGYG000329858_00103,K00929
MGYG000410930_01046,K00929
MGYG000326008_02375,K00929
MGYG000322301_00604,K00929
MGYG000335345_00105,K00929
MGYG000329013_02170,K00929
MGYG000325467_00014,K00929
MGYG000327181_02107,K00929
MGYG000330949_01771,K00929
MGYG000326609_00920,K00929
MGYG000331313_01587,K00929
MGYG000322670_01091,K00929
MGYG000326390_00846,K00929
MGYG000322927_01543,K00929
MGYG000322927_02322,K00929
MGYG000330703_00487,K00929
MGYG000330473_03180,K00929
MGYG000367640_00021,K00929
MGYG000341911_01257,K00929
MGYG000330467_01643,K00929
MGYG000330467_01644,K00929
MGYG000322933_02721,K00929
MGYG000321930_01724,K00929
MGYG000321876_00466,K00929
MGYG000328399_01287,K00929
MGYG000322452_01721,K00929
MGYG000411588_02994,K00929
MGYG000329513_00776,K00929
MGYG000329663_01994,K00929
MGYG000329663_02167,K00929
MGYG000329349_02361,K00929
MGYG000323607_02763,K00929
MGYG000323607_02799,K00929
MGYG000328723_01855,K00929
MGYG000380726_02036,K00929
MGYG000322351_00322,K00929
MGYG000330896_02236,K00929
MGYG000322956_01642,K00929
MGYG000345898_01458,K00929
MGYG000321807_00336,K00929
MGYG000377035_03195,K00929
MGYG000378778_02001,K00929
MGYG000322729_00679,K00929
MGYG000331376_00127,K00929
MGYG000331376_01592,K00929
MGYG000324132_01517,K00929
MGYG000325459_01236,K00929
MGYG000322086_00533,K00929
MGYG000322938_00109,K00929
MGYG000322423_02104,K00929
MGYG000325729_01627,K00929
MGYG000323823_02643,K00929
MGYG000323012_03472,K00929
MGYG000323362_00273,K00929
MGYG000323362_00712,K00929
MGYG000323362_00906,K00929
MGYG000323362_01146,K00929
MGYG000323362_02045,K00929
MGYG000329847_00537,K00929
MGYG000327541_00313,K00929
MGYG000322222_00526,K00929
MGYG000329183_00652,K00929
MGYG000322634_01896,K00929
MGYG000329710_01641,K00929
MGYG000329018_01363,K00929
MGYG000329197_00029,K00929
MGYG000329197_04599,K00929
MGYG000342331_00146,K00929
MGYG000326974_00430,K00929
MGYG000325599_01389,K00929
MGYG000329254_03051,K00929
MGYG000321974_00153,K00929
MGYG000328314_00199,K00929
MGYG000331425_00231,K00929
MGYG000402848_00514,K00929
MGYG000323320_00940,K00929
MGYG000325676_01801,K00929
MGYG000411066_00606,K00929
MGYG000329034_01704,K00929
MGYG000329805_00683,K00929
MGYG000329805_00813,K00929
MGYG000372735_01142,K00929
MGYG000321991_01976,K00929
MGYG000327265_00819,K00929
MGYG000322395_00202,K00929
MGYG000330313_01316,K00929
MGYG000330313_02355,K00929
MGYG000330639_01678,K00929
MGYG000322038_00311,K00929
MGYG000330288_00018,K00929
MGYG000322986_02892,K00929
MGYG000324875_02376,K00929
MGYG000331247_02979,K00929
MGYG000328740_00969,K00929
MGYG000330711_01983,K00929
MGYG000322104_02904,K00929
MGYG000411134_01852,K00929
MGYG000329166_02888,K00929
MGYG000325454_01351,K00929
MGYG000410903_00070,K00929
MGYG000328998_00347,K00929
MGYG000325639_01385,K00929
MGYG000325313_00323,K00929
MGYG000322369_00446,K00929
MGYG000322643_01846,K00929
MGYG000323229_01620,K00929
MGYG000321706_00727,K00929
MGYG000410958_00594,K00929
MGYG000395421_01820,K00929
MGYG000325533_01020,K00929
MGYG000322639_02442,K00929
MGYG000330489_00902,K00929
MGYG000330489_01325,K00929
MGYG000330489_02783,K00929
MGYG000322549_00093,K00929
MGYG000329371_00667,K00929
MGYG000326706_01060,K00929
MGYG000410780_01501,K00929
MGYG000328231_02944,K00929
MGYG000410864_01236,K00929
MGYG000321917_00130,K00929
MGYG000328649_00870,K00929
MGYG000321768_00439,K00929
MGYG000330159_00450,K00929
MGYG000325657_01241,K00929
MGYG000325711_00818,K00929
MGYG000325711_03091,K00929
MGYG000331428_00712,K00929
MGYG000392954_01268,K00929
MGYG000331272_01378,K00929
MGYG000325594_00675,K00929
MGYG000322461_01588,K00929
MGYG000411517_02059,K00929
MGYG000325900_00620,K00929
MGYG000411451_01435,K00929
MGYG000411451_02277,K00929
MGYG000322188_02141,K00929
MGYG000322694_00114,K00929
MGYG000410031_01038,K00929
MGYG000331422_02971,K00929
MGYG000329535_01941,K00929
MGYG000325694_01665,K00929
MGYG000410269_01237,K00929
MGYG000331166_01765,K00929
MGYG000323773_01647,K00929
MGYG000329698_03016,K00929
MGYG000327199_02808,K00929
MGYG000330951_01931,K00929
MGYG000322633_03873,K00929
MGYG000325539_01049,K00929
MGYG000321821_03060,K00929
MGYG000352581_00949,K00929
MGYG000324773_00771,K00929
MGYG000379181_00707,K00929
MGYG000325319_00946,K00929
MGYG000410762_00466,K00929
MGYG000322562_00792,K00929
MGYG000322562_00794,K00929
MGYG000325342_00717,K00929
MGYG000329500_00540,K00929
MGYG000360596_00465,K00929
MGYG000328921_01847,K00929
MGYG000324752_01644,K00929
MGYG000323172_01303,K00929
MGYG000411144_02609,K00929
MGYG000325338_00515,K00929
MGYG000330633_01080,K00929
MGYG000411366_01310,K00929
MGYG000353267_00153,K00929
MGYG000353267_02437,K00929
MGYG000325430_01137,K00929
MGYG000411220_00391,K00929
MGYG000325740_02162,K00929
MGYG000330775_01451,K00929
MGYG000329875_02668,K00929
MGYG000323350_02264,K00929
MGYG000410967_01622,K00929
MGYG000331129_00849,K00929
MGYG000366406_00419,K00929
MGYG000366406_02344,K00929
MGYG000411293_02179,K00929
MGYG000329514_01413,K00929
MGYG000322789_00336,K00929
MGYG000330649_00802,K00929
MGYG000325356_01401,K00929
MGYG000325483_01679,K00929
MGYG000322095_01577,K00929
MGYG000331015_00846,K00929
MGYG000321928_01572,K00929
MGYG000399931_00395,K00929
MGYG000321715_02304,K00929
MGYG000321715_05232,K00929
MGYG000321998_03441,K00929
MGYG000348062_00999,K00929
MGYG000328896_01864,K00929
MGYG000323183_00302,K00929
MGYG000329542_00022,K00929
MGYG000329068_01245,K00929
MGYG000327305_01244,K00929
MGYG000411456_01204,K00929
MGYG000410877_02443,K00929
MGYG000433611_00551,K00929
MGYG000323306_00226,K00929
MGYG000325650_01339,K00929
MGYG000325699_00058,K00929
MGYG000410203_00807,K00929
MGYG000330981_00029,K00929
MGYG000330981_00757,K00929
MGYG000330981_02626,K00929
MGYG000330981_02642,K00929
MGYG000327239_01610,K00929
MGYG000322214_02781,K00929
MGYG000325702_00013,K00929
MGYG000322064_02100,K00929
MGYG000345025_02078,K00929
MGYG000325408_01419,K00929
MGYG000325314_00010,K00929
MGYG000325587_00936,K00929
MGYG000410996_02528,K00929
MGYG000325723_00707,K00929
MGYG000322932_00089,K00929
MGYG000322103_00999,K00929
MGYG000322759_00589,K00929
MGYG000325453_00025,K00929
MGYG000322874_00991,K00929
MGYG000410842_00833,K00929
MGYG000330300_02198,K00929
MGYG000322209_00991,K00929
MGYG000393684_01680,K00929
MGYG000410838_02418,K00929
MGYG000331306_00438,K00929
MGYG000324619_02339,K00929
MGYG000324920_02490,K00929
MGYG000410701_01267,K00929
MGYG000340128_02089,K00929
MGYG000322447_01687,K00929
MGYG000325051_00927,K00929
MGYG000322995_03305,K00929
MGYG000327781_00570,K00929
MGYG000323111_01345,K00929
MGYG000325671_00755,K00929
MGYG000330702_01082,K00929
MGYG000330702_01362,K00929
MGYG000325881_01295,K00929
MGYG000330621_01136,K00929
MGYG000321751_04060,K00929
MGYG000326940_00022,K00929
MGYG000323338_01656,K00929
MGYG000410849_01079,K00929
MGYG000323424_01757,K00929
MGYG000325491_01147,K00929
MGYG000327388_02085,K00929
MGYG000362129_03982,K00929
MGYG000329512_03653,K00929
MGYG000330773_00961,K00929
MGYG000398776_00803,K00929
MGYG000329873_01307,K00929
MGYG000322166_01635,K00929
MGYG000325600_00877,K00929
MGYG000327928_00398,K00929
MGYG000324606_01635,K00929
MGYG000327973_01763,K00929
MGYG000327004_01994,K00929
MGYG000389663_01479,K00929
MGYG000325417_02329,K00929
MGYG000329125_03611,K00929
MGYG000328854_01200,K00929
MGYG000321827_01248,K00929
MGYG000410353_00799,K00929
MGYG000410353_00958,K00929
MGYG000410353_01463,K00929
MGYG000410353_01905,K00929
MGYG000406686_01571,K00929
MGYG000325709_03091,K00929
MGYG000322403_03003,K00929
MGYG000322129_00016,K00929
MGYG000322918_00232,K00929
MGYG000322918_00234,K00929
MGYG000360433_01879,K00929
MGYG000330350_01645,K00929
MGYG000322545_02916,K00929
MGYG000330289_03385,K00929
MGYG000379162_01367,K00929
MGYG000329571_00027,K00929
MGYG000327336_01376,K00929
MGYG000327336_02229,K00929
MGYG000325619_01179,K00929
MGYG000322725_01542,K00929
MGYG000433528_02601,K00929
MGYG000410713_01093,K00929
MGYG000325349_00821,K00929
MGYG000325380_02282,K00929
MGYG000327499_03357,K00929
MGYG000325455_00373,K00929
MGYG000325455_02632,K00929
MGYG000325725_00432,K00929
MGYG000323267_00831,K00929
MGYG000337678_00432,K00929
MGYG000321865_01668,K00929
MGYG000323117_01135,K00929
MGYG000411584_02046,K00929
MGYG000329173_01142,K00929
MGYG000330642_00516,K00929
MGYG000410531_00044,K00929
MGYG000410531_00240,K00929
MGYG000331314_00864,K00929
MGYG000321732_03592,K00929
MGYG000331408_02994,K00929
MGYG000325327_00890,K00929
MGYG000322677_02135,K00929
MGYG000321902_03062,K00929
MGYG000330513_01648,K00929
MGYG000329364_03058,K00929
MGYG000325656_01475,K00929
MGYG000322595_01601,K00929
MGYG000328859_02034,K00929
MGYG000352696_02642,K00929
MGYG000327245_00212,K00929
MGYG000411028_00440,K00929
MGYG000322532_02987,K00929
MGYG000351046_00829,K00929
MGYG000348284_01492,K00929
MGYG000323228_01216,K00929
MGYG000331321_00169,K00929
MGYG000326257_00840,K00929
MGYG000325474_00964,K00929
MGYG000322062_01219,K00929
MGYG000325368_01500,K00929
MGYG000322124_00092,K00929
MGYG000321916_00007,K00929
MGYG000410324_01295,K00929
MGYG000321850_00723,K00929
MGYG000321817_01072,K00248
MGYG000333633_01855,K00248
MGYG000325743_02208,K00248
MGYG000322952_00382,K00248
MGYG000322952_00805,K00248
MGYG000329337_01369,K00248
MGYG000329337_01370,K00248
MGYG000325605_00507,K00248
MGYG000410858_02853,K00248
MGYG000410858_02854,K00248
MGYG000323329_00071,K00248
MGYG000410775_02603,K00248
MGYG000410775_02604,K00248
MGYG000329517_00366,K00248
MGYG000329517_01765,K00248
MGYG000329517_02285,K00248
MGYG000329517_02649,K00248
MGYG000411284_01108,K00248
MGYG000411284_01854,K00248
MGYG000411284_02003,K00248
MGYG000386386_00432,K00248
MGYG000372230_01243,K00248
MGYG000325341_00951,K00248
MGYG000325341_00952,K00248
MGYG000322757_01023,K00248
MGYG000322757_02403,K00248
MGYG000322757_03305,K00248
MGYG000329359_00361,K00248
MGYG000329359_02862,K00248
MGYG000410761_00987,K00248
MGYG000410761_01488,K00248
MGYG000410761_02406,K00248
MGYG000335962_00581,K00248
MGYG000330624_02267,K00248
MGYG000410836_02885,K00248
MGYG000321803_01496,K00248
MGYG000325156_00905,K00248
MGYG000325156_01083,K00248
MGYG000322540_03333,K00248
MGYG000322540_03334,K00248
MGYG000321858_00969,K00248
MGYG000321858_00970,K00248
MGYG000392915_03073,K00248
MGYG000329302_02529,K00248
MGYG000322821_02720,K00248
MGYG000322821_02721,K00248
MGYG000322360_00382,K00248
MGYG000322360_00383,K00248
MGYG000341700_03815,K00248
MGYG000322373_01232,K00248
MGYG000350587_01204,K00248
MGYG000350587_01335,K00248
MGYG000410945_01324,K00248
MGYG000410945_02375,K00248
MGYG000324764_02004,K00248
MGYG000324849_00931,K00248
MGYG000324849_01090,K00248
MGYG000328851_01288,K00248
MGYG000327551_02401,K00248
MGYG000322697_01646,K00248
MGYG000322697_01647,K00248
MGYG000344649_02093,K00248
MGYG000411344_00292,K00248
MGYG000411344_01834,K00248
MGYG000326630_00572,K00248
MGYG000322495_01290,K00248
MGYG000378854_01782,K00248
MGYG000322281_01663,K00248
MGYG000322281_01664,K00248
MGYG000325374_03454,K00248
MGYG000325374_03455,K00248
MGYG000330031_00358,K00248
MGYG000329700_01093,K00248
MGYG000327237_03547,K00248
MGYG000322444_02291,K00248
MGYG000322444_02292,K00248
MGYG000352536_03615,K00248
MGYG000327261_00685,K00248
MGYG000327261_00695,K00248
MGYG000327261_02564,K00248
MGYG000410702_00442,K00248
MGYG000324324_00670,K00248
MGYG000324324_00671,K00248
MGYG000331311_01374,K00248
MGYG000323218_00874,K00248
MGYG000410969_00226,K00248
MGYG000410158_00004,K00248
MGYG000410158_00217,K00248
MGYG000410158_01132,K00248
MGYG000329030_01792,K00248
MGYG000329030_01793,K00248
MGYG000330537_01194,K00248
MGYG000330537_01354,K00248
MGYG000330537_02666,K00248
MGYG000330537_03608,K00248
MGYG000329947_00675,K00248
MGYG000329947_02474,K00248
MGYG000329947_02621,K00248
MGYG000325358_00992,K00248
MGYG000324959_00424,K00248
MGYG000333614_02716,K00248
MGYG000335875_00156,K00248
MGYG000410778_01207,K00248
MGYG000321926_01082,K00248
MGYG000321926_03478,K00248
MGYG000321874_02580,K00248
MGYG000328657_01134,K00248
MGYG000433761_02301,K00248
MGYG000325385_01228,K00248
MGYG000325450_01491,K00248
MGYG000322100_00327,K00248
MGYG000322100_00328,K00248
MGYG000428447_00277,K00248
MGYG000411595_00483,K00248
MGYG000328328_01013,K00248
MGYG000328328_01014,K00248
MGYG000410699_02052,K00248
MGYG000331305_00048,K00248
MGYG000331305_00064,K00248
MGYG000331305_00526,K00248
MGYG000331305_01380,K00248
MGYG000321948_00167,K00248
MGYG000325877_00078,K00248
MGYG000322982_00582,K00248
MGYG000329604_00665,K00248
MGYG000322720_01194,K00248
MGYG000330629_00538,K00248
MGYG000329929_02961,K00248
MGYG000410098_01776,K00248
MGYG000410098_01777,K00248
MGYG000410098_01781,K00248
MGYG000410098_01930,K00248
MGYG000326644_00480,K00248
MGYG000328974_00538,K00248
MGYG000327018_01859,K00248
MGYG000327829_00381,K00248
MGYG000326314_00452,K00248
MGYG000326314_01457,K00248
MGYG000326314_01657,K00248
MGYG000410737_00168,K00248
MGYG000410737_02229,K00248
MGYG000410737_02769,K00248
MGYG000330863_02021,K00248
MGYG000339716_02167,K00248
MGYG000325584_02107,K00248
MGYG000325584_02480,K00248
MGYG000322647_02039,K00248
MGYG000322537_01308,K00248
MGYG000432202_01323,K00248
MGYG000432202_01571,K00248
MGYG000411455_02902,K00248
MGYG000411455_02903,K00248
MGYG000329541_00343,K00248
MGYG000329541_00353,K00248
MGYG000323149_01730,K00248
MGYG000326888_02089,K00248
MGYG000326888_02993,K00248
MGYG000324844_02705,K00248
MGYG000397328_05137,K00248
MGYG000411569_00096,K00248
MGYG000330666_00231,K00248
MGYG000330666_01704,K00248
MGYG000326039_02533,K00248
MGYG000330982_02834,K00248
MGYG000330982_02835,K00248
MGYG000322559_01279,K00248
MGYG000321888_00109,K00248
MGYG000321888_02587,K00248
MGYG000324149_02963,K00248
MGYG000323596_00110,K00248
MGYG000323596_00416,K00248
MGYG000323596_00483,K00248
MGYG000323596_01574,K00248
MGYG000323596_01770,K00248
MGYG000323596_01812,K00248
MGYG000323596_02009,K00248
MGYG000323596_02240,K00248
MGYG000410874_01387,K00248
MGYG000410874_01539,K00248
MGYG000328221_00739,K00248
MGYG000328221_00803,K00248
MGYG000325636_00966,K00248
MGYG000325636_02199,K00248
MGYG000322016_02069,K00248
MGYG000321824_00405,K00248
MGYG000321824_01069,K00248
MGYG000410811_00750,K00248
MGYG000322546_02252,K00248
MGYG000322546_02253,K00248
MGYG000388777_02777,K00248
MGYG000322894_00977,K00248
MGYG000332160_02218,K00248
MGYG000332160_02219,K00248
MGYG000329148_00443,K00248
MGYG000329462_01570,K00248
MGYG000329462_01959,K00248
MGYG000330215_01101,K00248
MGYG000330215_01102,K00248
MGYG000322636_02777,K00248
MGYG000322636_02778,K00248
MGYG000322400_02749,K00248
MGYG000322400_02750,K00248
MGYG000324634_00222,K00248
MGYG000331213_00417,K00248
MGYG000321897_00866,K00248
MGYG000321897_03498,K00248
MGYG000321897_03895,K00248
MGYG000326153_00650,K00248
MGYG000326153_00651,K00248
MGYG000331355_00697,K00248
MGYG000410939_01230,K00248
MGYG000321883_03953,K00248
MGYG000321883_04362,K00248
MGYG000321883_04368,K00248
MGYG000331207_00691,K00248
MGYG000331207_02366,K00248
MGYG000410278_01929,K00248
MGYG000322880_00680,K00248
MGYG000322880_00717,K00248
MGYG000322880_01680,K00248
MGYG000322552_01206,K00248
MGYG000322552_02002,K00248
MGYG000322552_02248,K00248
MGYG000410458_00390,K00248
MGYG000410458_00692,K00248
MGYG000410458_00862,K00248
MGYG000410458_01131,K00248
MGYG000410458_01133,K00248
MGYG000410458_01328,K00248
MGYG000322002_02460,K00248
MGYG000322002_02461,K00248
MGYG000322144_01648,K00248
MGYG000322144_01649,K00248
MGYG000322658_00501,K00248
MGYG000322658_00502,K00248
MGYG000322658_01649,K00248
MGYG000368885_03326,K00248
MGYG000322435_02439,K00248
MGYG000411405_00886,K00248
MGYG000411405_01851,K00248
MGYG000329716_02027,K00248
MGYG000352925_01241,K00248
MGYG000352925_02697,K00248
MGYG000323355_00359,K00248
MGYG000329041_02125,K00248
MGYG000322486_02683,K00248
MGYG000322486_02684,K00248
MGYG000322492_02624,K00248
MGYG000325567_00902,K00248
MGYG000325567_00903,K00248
MGYG000327562_02204,K00248
MGYG000322989_01872,K00248
MGYG000322989_02263,K00248
MGYG000329746_01176,K00248
MGYG000330764_00482,K00248
MGYG000330308_00824,K00248
MGYG000330308_00825,K00248
MGYG000365272_04389,K00248
MGYG000365272_04390,K00248
MGYG000428158_04764,K00248
MGYG000409992_00025,K00248
MGYG000323031_01216,K00248
MGYG000323031_01571,K00248
MGYG000331412_00931,K00248
MGYG000325492_01238,K00248
MGYG000325347_00216,K00248
MGYG000411282_00030,K00248
MGYG000411282_00520,K00248
MGYG000411282_01519,K00248
MGYG000324207_00216,K00248
MGYG000344967_00262,K00248
MGYG000331232_01064,K00248
MGYG000331004_00408,K00248
MGYG000410883_03554,K00248
MGYG000410417_00372,K00248
MGYG000410417_00373,K00248
MGYG000410417_00374,K00248
MGYG000410417_00375,K00248
MGYG000410417_01097,K00248
MGYG000324298_01244,K00248
MGYG000324298_01689,K00248
MGYG000327122_01243,K00248
MGYG000322477_00235,K00248
MGYG000322477_00544,K00248
MGYG000322477_02155,K00248
MGYG000322641_02427,K00248
MGYG000326747_01114,K00248
MGYG000327534_00369,K00248
MGYG000322899_00725,K00248
MGYG000322899_00992,K00248
MGYG000322899_01619,K00248
MGYG000322899_01830,K00248
MGYG000325688_01585,K00248
MGYG000325688_01586,K00248
MGYG000327650_01416,K00248
MGYG000322844_02183,K00248
MGYG000327466_01250,K00248
MGYG000322902_00535,K00248
MGYG000322902_01739,K00248
MGYG000323303_01290,K00248
MGYG000411209_00539,K00248
MGYG000411209_01374,K00248
MGYG000393816_00802,K00248
MGYG000325419_02510,K00248
MGYG000330937_01229,K00248
MGYG000330937_01230,K00248
MGYG000388479_00216,K00248
MGYG000411408_01954,K00248
MGYG000322865_00337,K00248
MGYG000322865_00830,K00248
MGYG000322865_02429,K00248
MGYG000409960_03449,K00248
MGYG000322923_01350,K00248
MGYG000322923_01728,K00248
MGYG000411252_00458,K00248
MGYG000411252_00864,K00248
MGYG000411252_01883,K00248
MGYG000411252_02201,K00248
MGYG000411252_02746,K00248
MGYG000321866_00989,K00248
MGYG000321866_01595,K00248
MGYG000321866_02539,K00248
MGYG000406141_00671,K00248
MGYG000330582_00696,K00248
MGYG000330061_02530,K00248
MGYG000330061_02531,K00248
MGYG000322959_02512,K00248
MGYG000322959_02675,K00248
MGYG000322959_02754,K00248
MGYG000322959_03807,K00248
MGYG000329799_02524,K00248
MGYG000327784_01499,K00248
MGYG000327784_01505,K00248
MGYG000327784_01506,K00248
MGYG000327784_01507,K00248
MGYG000327784_01784,K00248
MGYG000329420_02821,K00248
MGYG000323358_02514,K00248
MGYG000321808_02326,K00248
MGYG000330305_01640,K00248
MGYG000330305_01641,K00248
MGYG000410901_02618,K00248
MGYG000426055_00305,K00248
MGYG000322795_02890,K00248
MGYG000330180_01802,K00248
MGYG000411136_02955,K00248
MGYG000411136_03293,K00248
MGYG000330978_00641,K00248
MGYG000327453_00529,K00248
MGYG000327453_00703,K00248
MGYG000327453_01270,K00248
MGYG000327453_02365,K00248
MGYG000325389_01163,K00248
MGYG000325389_01164,K00248
MGYG000329391_01689,K00248
MGYG000329819_03470,K00248
MGYG000329819_03471,K00248
MGYG000330719_00313,K00248
MGYG000328218_01436,K00248
MGYG000410884_00644,K00248
MGYG000328899_00690,K00248
MGYG000403565_01950,K00248
MGYG000403565_01951,K00248
MGYG000403565_02663,K00248
MGYG000322206_00640,K00248
MGYG000322206_00749,K00248
MGYG000322206_00906,K00248
MGYG000322206_01456,K00248
MGYG000322206_01917,K00248
MGYG000329322_00469,K00248
MGYG000329322_00818,K00248
MGYG000410140_01226,K00248
MGYG000410140_01509,K00248
MGYG000331079_00472,K00248
MGYG000331079_00473,K00248
MGYG000431554_01086,K00248
MGYG000325742_00117,K00248
MGYG000325742_00119,K00248
MGYG000325742_01659,K00248
MGYG000322354_00201,K00248
MGYG000322354_01362,K00248
MGYG000323744_02145,K00248
MGYG000323744_03746,K00248
MGYG000342728_00359,K00248
MGYG000323328_00761,K00248
MGYG000387335_00915,K00248
MGYG000322604_03179,K00248
MGYG000325815_00884,K00248
MGYG000325815_00885,K00248
MGYG000329666_00475,K00248
MGYG000329666_00493,K00248
MGYG000329666_01202,K00248
MGYG000325953_02114,K00248
MGYG000328850_02570,K00248
MGYG000328850_02571,K00248
MGYG000330610_00235,K00248
MGYG000330610_00729,K00248
MGYG000322375_00008,K00248
MGYG000322375_02463,K00248
MGYG000331346_00121,K00248
MGYG000331346_00122,K00248
MGYG000328531_01483,K00248
MGYG000322763_01010,K00248
MGYG000322763_02036,K00248
MGYG000322763_02300,K00248
MGYG000322280_01776,K00248
MGYG000330325_00753,K00248
MGYG000325820_00476,K00248
MGYG000326012_01310,K00248
MGYG000326012_01311,K00248
MGYG000397726_02830,K00248
MGYG000397726_02831,K00248
MGYG000322682_02122,K00248
MGYG000411217_01190,K00248
MGYG000329245_02035,K00248
MGYG000329245_02036,K00248
MGYG000322966_00126,K00248
MGYG000322966_00155,K00248
MGYG000322966_00622,K00248
MGYG000322966_01818,K00248
MGYG000322966_02129,K00248
MGYG000411484_01635,K00248
MGYG000375646_01420,K00248
MGYG000327919_02819,K00248
MGYG000327919_02820,K00248
MGYG000400895_02095,K00248
MGYG000410161_01343,K00248
MGYG000323367_00841,K00248
MGYG000390383_00417,K00248
MGYG000330714_00564,K00248
MGYG000330652_01688,K00248
MGYG000322271_01273,K00248
MGYG000322271_01274,K00248
MGYG000398657_02300,K00248
MGYG000325498_00455,K00248
MGYG000325498_00456,K00248
MGYG000321980_01779,K00248
MGYG000321980_02565,K00248
MGYG000324794_02721,K00248
MGYG000324794_02722,K00248
MGYG000409998_00751,K00248
MGYG000409998_00752,K00248
MGYG000354158_03040,K00248
MGYG000326933_00092,K00248
MGYG000326933_03127,K00248
MGYG000328329_00027,K00248
MGYG000410698_02953,K00248
MGYG000325337_01158,K00248
MGYG000325337_01159,K00248
MGYG000411461_01532,K00248
MGYG000411461_01929,K00248
MGYG000411461_02013,K00248
MGYG000322384_00514,K00248
MGYG000322445_02248,K00248
MGYG000374184_02217,K00248
MGYG000427398_00555,K00248
MGYG000427398_00786,K00248
MGYG000334572_00033,K00248
MGYG000331907_00073,K00248
MGYG000333168_01989,K00248
MGYG000330250_00631,K00248
MGYG000322359_01570,K00248
MGYG000322503_02520,K00248
MGYG000322503_02521,K00248
MGYG000322503_03694,K00248
MGYG000322735_00909,K00248
MGYG000410703_01537,K00248
MGYG000410703_02265,K00248
MGYG000321994_01288,K00248
MGYG000321994_02635,K00248
MGYG000325445_00754,K00248
MGYG000325445_01885,K00248
MGYG000362066_01409,K00248
MGYG000322265_01950,K00248
MGYG000322265_02234,K00248
MGYG000325390_00285,K00248
MGYG000329388_00628,K00248
MGYG000329388_02152,K00248
MGYG000328347_01442,K00248
MGYG000322378_01762,K00248
MGYG000322378_02022,K00248
MGYG000427121_01932,K00248
MGYG000325558_02442,K00248
MGYG000325558_02443,K00248
MGYG000329892_00283,K00248
MGYG000322843_02319,K00248
MGYG000330721_01518,K00248
MGYG000356285_01577,K00248
MGYG000356285_01818,K00248
MGYG000356285_02301,K00248
MGYG000356285_02599,K00248
MGYG000356285_03398,K00248
MGYG000325714_01654,K00248
MGYG000324181_00484,K00248
MGYG000321840_00936,K00248
MGYG000321840_04603,K00248
MGYG000321840_04604,K00248
MGYG000321779_00026,K00248
MGYG000327413_02001,K00248
MGYG000321854_00069,K00248
MGYG000321854_02063,K00248
MGYG000324476_01213,K00248
MGYG000324476_02157,K00248
MGYG000328528_01352,K00248
MGYG000328528_01353,K00248
MGYG000359648_00934,K00248
MGYG000329835_00701,K00248
MGYG000329835_01430,K00248
MGYG000322585_02305,K00248
MGYG000322585_02306,K00248
MGYG000322857_02666,K00248
MGYG000327196_00304,K00248
MGYG000325646_01329,K00248
MGYG000325646_01330,K00248
MGYG000327369_00983,K00248
MGYG000331263_02679,K00248
MGYG000331263_02680,K00248
MGYG000323195_01810,K00248
MGYG000321703_00024,K00248
MGYG000321703_00070,K00248
MGYG000321703_01074,K00248
MGYG000321703_01077,K00248
MGYG000321703_02089,K00248
MGYG000321703_02597,K00248
MGYG000410994_01726,K00248
MGYG000322193_02782,K00248
MGYG000322193_02783,K00248
MGYG000329248_03528,K00248
MGYG000329248_04014,K00248
MGYG000329248_04490,K00248
MGYG000321766_01216,K00248
MGYG000321766_01218,K00248
MGYG000410423_00776,K00248
MGYG000410423_01680,K00248
MGYG000322881_03039,K00248
MGYG000322881_03040,K00248
MGYG000354107_03198,K00248
MGYG000322286_01358,K00248
MGYG000322286_02191,K00248
MGYG000322286_02665,K00248
MGYG000321831_00012,K00248
MGYG000321831_00468,K00248
MGYG000321831_03183,K00248
MGYG000410729_02240,K00248
MGYG000410729_03429,K00248
MGYG000410729_03664,K00248
MGYG000325286_02116,K00248
MGYG000325286_03848,K00248
MGYG000322690_00292,K00248
MGYG000322690_01625,K00248
MGYG000322832_01583,K00248
MGYG000322832_01584,K00248
MGYG000322235_02634,K00248
MGYG000322235_02635,K00248
MGYG000325401_01028,K00248
MGYG000405033_03360,K00248
MGYG000322960_01504,K00248
MGYG000322960_01950,K00248
MGYG000331268_00947,K00248
MGYG000331268_00948,K00248
MGYG000321825_01096,K00248
MGYG000321825_03079,K00248
MGYG000392808_00477,K00248
MGYG000392808_00904,K00248
MGYG000392808_00928,K00248
MGYG000392808_01356,K00248
MGYG000392808_02641,K00248
MGYG000346542_00266,K00248
MGYG000329525_00878,K00248
MGYG000325198_01331,K00248
MGYG000325198_01332,K00248
MGYG000325198_03135,K00248
MGYG000330164_02347,K00248
MGYG000329180_01158,K00248
MGYG000329180_01639,K00248
MGYG000321896_00586,K00248
MGYG000325616_01934,K00248
MGYG000411230_00204,K00248
MGYG000333766_01764,K00248
MGYG000325807_00409,K00248
MGYG000325807_02462,K00248
MGYG000325200_02377,K00248
MGYG000325200_02378,K00248
MGYG000329732_02249,K00248
MGYG000325493_01404,K00248
MGYG000328358_00984,K00248
MGYG000364202_02578,K00248
MGYG000331233_02371,K00248
MGYG000331011_01050,K00248
MGYG000324738_01265,K00248
MGYG000410919_00416,K00248
MGYG000410919_01022,K00248
MGYG000410919_01603,K00248
MGYG000410919_01909,K00248
MGYG000410919_02619,K00248
MGYG000328450_00718,K00248
MGYG000331361_00280,K00248
MGYG000331361_00283,K00248
MGYG000331361_00432,K00248
MGYG000331361_02062,K00248
MGYG000330960_01317,K00248
MGYG000323212_00079,K00248
MGYG000402601_00574,K00248
MGYG000322352_01968,K00248
MGYG000330771_05606,K00248
MGYG000330292_01132,K00248
MGYG000330292_02139,K00248
MGYG000330292_02143,K00248
MGYG000322955_00001,K00248
MGYG000322955_00540,K00248
MGYG000322955_01323,K00248
MGYG000322955_01938,K00248
MGYG000330637_01303,K00248
MGYG000325434_01283,K00248
MGYG000325434_01284,K00248
MGYG000325712_00553,K00248
MGYG000325712_00554,K00248
MGYG000330727_01711,K00248
MGYG000322132_00583,K00248
MGYG000322242_01788,K00248
MGYG000325654_01306,K00248
MGYG000325654_01629,K00248
MGYG000325654_01630,K00248
MGYG000329471_01383,K00248
MGYG000404137_00752,K00248
MGYG000404137_01226,K00248
MGYG000327184_01353,K00248
MGYG000321846_04664,K00248
MGYG000360334_01965,K00248
MGYG000328360_00393,K00248
MGYG000328360_00394,K00248
MGYG000410274_02444,K00248
MGYG000322524_00172,K00248
MGYG000329400_02185,K00248
MGYG000327247_02567,K00248
MGYG000322654_02443,K00248
MGYG000322462_01458,K00248
MGYG000322462_02463,K00248
MGYG000322462_02537,K00248
MGYG000322462_02569,K00248
MGYG000344125_01996,K00248
MGYG000328589_00034,K00248
MGYG000323187_02279,K00248
MGYG000323187_02280,K00248
MGYG000410724_03387,K00248
MGYG000409962_00010,K00248
MGYG000410992_00280,K00248
MGYG000410992_01841,K00248
MGYG000322640_02835,K00248
MGYG000327912_00330,K00248
MGYG000392614_03573,K00248
MGYG000392614_03574,K00248
MGYG000348782_00629,K00248
MGYG000348782_01535,K00248
MGYG000323945_01056,K00248
MGYG000323945_02547,K00248
MGYG000323250_01276,K00248
MGYG000323299_01434,K00248
MGYG000323299_01577,K00248
MGYG000321852_01435,K00248
MGYG000321852_02135,K00248
MGYG000330443_00763,K00248
MGYG000383658_03077,K00248
MGYG000322126_00558,K00248
MGYG000322917_01142,K00248
MGYG000322917_01505,K00248
MGYG000410461_00936,K00248
MGYG000410461_01341,K00248
MGYG000325794_00715,K00248
MGYG000327334_02500,K00248
MGYG000327334_02753,K00248
MGYG000327334_03028,K00248
MGYG000322511_04012,K00248
MGYG000322511_04013,K00248
MGYG000382105_01147,K00248
MGYG000325661_01480,K00248
MGYG000325661_01481,K00248
MGYG000322794_01640,K00248
MGYG000322870_00545,K00248
MGYG000379468_02268,K00248
MGYG000326621_01178,K00248
MGYG000329509_00303,K00248
MGYG000329509_01059,K00248
MGYG000330524_01767,K00248
MGYG000322439_01915,K00248
MGYG000322922_00630,K00248
MGYG000322922_00631,K00248
MGYG000329492_02223,K00248
MGYG000329492_02555,K00248
MGYG000330195_00241,K00248
MGYG000330195_00386,K00248
MGYG000330195_00441,K00248
MGYG000330195_01048,K00248
MGYG000330195_02673,K00248
MGYG000330195_02965,K00248
MGYG000330195_04328,K00248
MGYG000330195_05014,K00248
MGYG000322055_01187,K00248
MGYG000322055_01920,K00248
MGYG000322055_02499,K00248
MGYG000361030_04026,K00248
MGYG000329989_01092,K00248
MGYG000323265_00625,K00248
MGYG000410914_00107,K00248
MGYG000410914_01891,K00248
MGYG000328207_02715,K00248
MGYG000328207_03348,K00248
MGYG000321921_00545,K00248
MGYG000321921_03560,K00248
MGYG000393188_02391,K00248
MGYG000333415_02909,K00248
MGYG000324559_03454,K00248
MGYG000331299_00254,K00248
MGYG000321992_00729,K00248
MGYG000321992_02441,K00248
MGYG000321992_02442,K00248
MGYG000328561_01057,K00248
MGYG000328561_01058,K00248
MGYG000335879_00562,K00248
MGYG000323128_00773,K00248
MGYG000323128_02649,K00248
MGYG000323128_02650,K00248
MGYG000325648_03444,K00248
MGYG000325648_03445,K00248
MGYG000325648_03549,K00248
MGYG000322542_00137,K00248
MGYG000410738_02301,K00248
MGYG000410738_02302,K00248
MGYG000329907_00350,K00248
MGYG000325404_00460,K00248
MGYG000322362_00726,K00248
MGYG000322362_01340,K00248
MGYG000327547_00853,K00248
MGYG000327547_00860,K00248
MGYG000327547_00861,K00248
MGYG000322376_00260,K00248
MGYG000322376_01065,K00248
MGYG000322376_01309,K00248
MGYG000322376_03011,K00248
MGYG000327286_00233,K00248
MGYG000327286_01111,K00248
MGYG000325626_04561,K00248
MGYG000325626_04810,K00248
MGYG000410947_01570,K00248
MGYG000331279_02808,K00248
MGYG000323146_00018,K00248
MGYG000323146_01940,K00248
MGYG000327529_02355,K00248
MGYG000321887_01457,K00248
MGYG000322357_02546,K00248
MGYG000325094_00539,K00248
MGYG000329429_01887,K00248
MGYG000411198_00023,K00248
MGYG000411198_00574,K00248
MGYG000411198_01028,K00248
MGYG000411198_01549,K00248
MGYG000411198_01597,K00248
MGYG000411198_02048,K00248
MGYG000411198_02114,K00248
MGYG000410157_00791,K00248
MGYG000328333_00124,K00248
MGYG000328333_01194,K00248
MGYG000410609_00932,K00248
MGYG000331258_00571,K00248
MGYG000330681_00198,K00248
MGYG000410726_01621,K00248
MGYG000329665_02781,K00248
MGYG000329665_02782,K00248
MGYG000330154_00645,K00248
MGYG000325999_01120,K00248
MGYG000322607_02486,K00248
MGYG000328455_01643,K00248
MGYG000328455_02222,K00248
MGYG000345714_00817,K00248
MGYG000345714_01561,K00248
MGYG000324345_01181,K00248
MGYG000324345_01484,K00248
MGYG000325519_01544,K00248
MGYG000325519_02419,K00248
MGYG000325519_02420,K00248
MGYG000325802_01452,K00248
MGYG000325802_01453,K00248
MGYG000327036_01400,K00248
MGYG000327036_02572,K00248
MGYG000327036_03511,K00248
MGYG000394629_01085,K00248
MGYG000344517_02342,K00248
MGYG000411286_00385,K00248
MGYG000411286_00386,K00248
MGYG000395856_01298,K00248
MGYG000395856_02943,K00248
MGYG000323173_01328,K00248
MGYG000323173_01976,K00248
MGYG000409996_01605,K00248
MGYG000409996_03258,K00248
MGYG000329970_01288,K00248
MGYG000330242_03428,K00248
MGYG000322205_00350,K00248
MGYG000322205_00432,K00248
MGYG000358291_01748,K00248
MGYG000322496_00904,K00248
MGYG000322496_02303,K00248
MGYG000350830_01440,K00248
MGYG000322175_00247,K00248
MGYG000322175_00248,K00248
MGYG000411235_00159,K00248
MGYG000411235_01528,K00248
MGYG000411113_03263,K00248
MGYG000411113_03292,K00248
MGYG000411113_03325,K00248
MGYG000322586_00362,K00248
MGYG000329694_02054,K00248
MGYG000322779_02393,K00248
MGYG000325645_00791,K00248
MGYG000322123_01717,K00248
MGYG000322123_01718,K00248
MGYG000411055_01843,K00248
MGYG000411055_02220,K00248
MGYG000411055_02295,K00248
MGYG000374441_02083,K00248
MGYG000323313_01484,K00248
MGYG000327851_00186,K00248
MGYG000322968_00675,K00248
MGYG000322645_02513,K00248
MGYG000322645_02514,K00248
MGYG000328293_00476,K00248
MGYG000331110_02255,K00248
MGYG000331110_03316,K00248
MGYG000331110_03979,K00248
MGYG000328883_00104,K00248
MGYG000321839_00738,K00248
MGYG000321839_00761,K00248
MGYG000321839_01197,K00248
MGYG000322717_01071,K00248
MGYG000411382_01870,K00248
MGYG000411382_01871,K00248
MGYG000432807_00008,K00248
MGYG000432807_00009,K00248
MGYG000410101_00714,K00248
MGYG000410101_01954,K00248
MGYG000410101_02417,K00248
MGYG000410101_02423,K00248
MGYG000410101_02579,K00248
MGYG000413721_00525,K00248
MGYG000329013_02091,K00248
MGYG000329013_02092,K00248
MGYG000330387_00343,K00248
MGYG000329649_00273,K00248
MGYG000327181_01410,K00248
MGYG000327181_01411,K00248
MGYG000327181_03103,K00248
MGYG000327181_03104,K00248
MGYG000330949_01812,K00248
MGYG000330949_01813,K00248
MGYG000321997_00887,K00248
MGYG000321997_01994,K00248
MGYG000321997_03046,K00248
MGYG000329879_00486,K00248
MGYG000329879_00707,K00248
MGYG000322393_01482,K00248
MGYG000322393_02955,K00248
MGYG000348826_02471,K00248
MGYG000413826_04061,K00248
MGYG000322670_00397,K00248
MGYG000342389_04002,K00248
MGYG000330253_00959,K00248
MGYG000327263_00163,K00248
MGYG000326390_00889,K00248
MGYG000324730_01197,K00248
MGYG000322116_01062,K00248
MGYG000352718_04369,K00248
MGYG000325736_01229,K00248
MGYG000330473_01501,K00248
MGYG000322791_00398,K00248
MGYG000327661_03538,K00248
MGYG000330467_01250,K00248
MGYG000330467_01631,K00248
MGYG000330467_01926,K00248
MGYG000367329_02743,K00248
MGYG000329160_00469,K00248
MGYG000329160_00740,K00248
MGYG000329160_01418,K00248
MGYG000329160_02507,K00248
MGYG000325949_00069,K00248
MGYG000401664_00266,K00248
MGYG000368824_00678,K00248
MGYG000368824_01500,K00248
MGYG000368824_01799,K00248
MGYG000321930_00054,K00248
MGYG000402108_00071,K00248
MGYG000321876_00370,K00248
MGYG000321876_00483,K00248
MGYG000321876_01086,K00248
MGYG000321876_03000,K00248
MGYG000328399_01576,K00248
MGYG000322452_00919,K00248
MGYG000322452_00920,K00248
MGYG000323348_02176,K00248
MGYG000411588_02870,K00248
MGYG000411588_02871,K00248
MGYG000411541_00599,K00248
MGYG000411541_00613,K00248
MGYG000411541_01071,K00248
MGYG000411541_01771,K00248
MGYG000329349_01420,K00248
MGYG000329349_01421,K00248
MGYG000327481_01065,K00248
MGYG000327481_03082,K00248
MGYG000325484_03471,K00248
MGYG000323607_03542,K00248
MGYG000331224_00589,K00248
MGYG000329105_00417,K00248
MGYG000329105_00419,K00248
MGYG000330291_00819,K00248
MGYG000330291_00913,K00248
MGYG000330291_02060,K00248
MGYG000330291_02089,K00248
MGYG000330291_02548,K00248
MGYG000322956_02576,K00248
MGYG000322956_02577,K00248
MGYG000321813_00651,K00248
MGYG000321807_00436,K00248
MGYG000321807_01950,K00248
MGYG000325423_01921,K00248
MGYG000322729_02314,K00248
MGYG000331189_00343,K00248
MGYG000331189_02894,K00248
MGYG000324944_01798,K00248
MGYG000324944_02057,K00248
MGYG000322938_02825,K00248
MGYG000322423_01469,K00248
MGYG000322615_00635,K00248
MGYG000322615_01725,K00248
MGYG000323823_03244,K00248
MGYG000322306_01900,K00248
MGYG000323012_01282,K00248
MGYG000323012_01283,K00248
MGYG000321826_01253,K00248
MGYG000328841_01494,K00248
MGYG000328841_01991,K00248
MGYG000322234_00185,K00248
MGYG000322234_00249,K00248
MGYG000322234_00259,K00248
MGYG000322234_02618,K00248
MGYG000327294_02443,K00248
MGYG000327541_00904,K00248
MGYG000327541_00919,K00248
MGYG000327541_01307,K00248
MGYG000328520_00313,K00248
MGYG000417070_02027,K00248
MGYG000424982_01926,K00248
MGYG000329183_01371,K00248
MGYG000329710_00852,K00248
MGYG000329710_01895,K00248
MGYG000322416_01693,K00248
MGYG000330490_00889,K00248
MGYG000330490_01345,K00248
MGYG000322599_01756,K00248
MGYG000322599_01925,K00248
MGYG000431354_01968,K00248
MGYG000327202_01993,K00248
MGYG000327375_00249,K00248
MGYG000322031_01617,K00248
MGYG000410799_00050,K00248
MGYG000411389_02153,K00248
MGYG000411389_02418,K00248
MGYG000325599_01446,K00248
MGYG000329254_02611,K00248
MGYG000323189_01549,K00248
MGYG000323140_00272,K00248
MGYG000410941_01165,K00248
MGYG000410941_01599,K00248
MGYG000410941_02370,K00248
MGYG000410941_02653,K00248
MGYG000402848_02149,K00248
MGYG000402848_02150,K00248
MGYG000323266_01184,K00248
MGYG000331159_01526,K00248
MGYG000331159_02673,K00248
MGYG000325440_01350,K00248
MGYG000325395_00256,K00248
MGYG000411066_00609,K00248
MGYG000411066_00610,K00248
MGYG000364110_00201,K00248
MGYG000377398_03856,K00248
MGYG000330019_02043,K00248
MGYG000329805_01620,K00248
MGYG000372735_01562,K00248
MGYG000328081_01632,K00248
MGYG000327323_01997,K00248
MGYG000327323_03110,K00248
MGYG000330288_00003,K00248
MGYG000330288_00148,K00248
MGYG000330288_01190,K00248
MGYG000330288_02388,K00248
MGYG000326449_02578,K00248
MGYG000326449_02593,K00248
MGYG000322986_00939,K00248
MGYG000322986_00940,K00248
MGYG000326088_01212,K00248
MGYG000324875_00766,K00248
MGYG000324875_01130,K00248
MGYG000324875_02204,K00248
MGYG000324875_03588,K00248
MGYG000328740_01446,K00248
MGYG000324334_00075,K00248
MGYG000324334_00081,K00248
MGYG000324334_01005,K00248
MGYG000324334_01427,K00248
MGYG000322104_01026,K00248
MGYG000322104_01027,K00248
MGYG000324138_01473,K00248
MGYG000328257_02206,K00248
MGYG000411558_00341,K00248
MGYG000329350_00553,K00248
MGYG000329166_02341,K00248
MGYG000325454_02325,K00248
MGYG000325454_02326,K00248
MGYG000330461_00575,K00248
MGYG000330461_00577,K00248
MGYG000330461_00585,K00248
MGYG000330461_00587,K00248
MGYG000401852_00892,K00248
MGYG000401852_01360,K00248
MGYG000330260_00811,K00248
MGYG000349625_02578,K00248
MGYG000326060_01896,K00248
MGYG000324065_01100,K00248
MGYG000324065_01408,K00248
MGYG000323229_00736,K00248
MGYG000323229_01741,K00248
MGYG000371123_00640,K00248
MGYG000371123_02030,K00248
MGYG000324705_00186,K00248
MGYG000410991_01340,K00248
MGYG000395421_01813,K00248
MGYG000330506_02402,K00248
MGYG000330730_00548,K00248
MGYG000322639_01461,K00248
MGYG000330489_03806,K00248
MGYG000322549_01852,K00248
MGYG000330676_00830,K00248
MGYG000330676_01099,K00248
MGYG000330676_01178,K00248
MGYG000330676_01401,K00248
MGYG000346036_00863,K00248
MGYG000328377_01800,K00248
MGYG000328377_03389,K00248
MGYG000410922_00433,K00248
MGYG000410922_02033,K00248
MGYG000410922_02062,K00248
MGYG000321851_02372,K00248
MGYG000328231_01797,K00248
MGYG000328231_03118,K00248
MGYG000410864_01099,K00248
MGYG000331474_02442,K00248
MGYG000321917_00141,K00248
MGYG000321917_00142,K00248
MGYG000328836_00085,K00248
MGYG000401360_01427,K00248
MGYG000323301_00046,K00248
MGYG000323301_00612,K00248
MGYG000323301_00754,K00248
MGYG000323301_01093,K00248
MGYG000323301_01101,K00248
MGYG000324467_01527,K00248
MGYG000324467_03747,K00248
MGYG000323247_00155,K00248
MGYG000322288_01200,K00248
MGYG000329962_00755,K00248
MGYG000329962_00766,K00248
MGYG000329962_01351,K00248
MGYG000329962_03042,K00248
MGYG000325711_01609,K00248
MGYG000325711_02900,K00248
MGYG000411226_01240,K00248
MGYG000330809_00066,K00248
MGYG000322900_00180,K00248
MGYG000321979_01467,K00248
MGYG000331272_00955,K00248
MGYG000325594_01162,K00248
MGYG000322461_01829,K00248
MGYG000322461_01830,K00248
MGYG000406657_00074,K00248
MGYG000411451_02658,K00248
MGYG000322694_01310,K00248
MGYG000322694_02436,K00248
MGYG000410031_01780,K00248
MGYG000410031_01781,K00248
MGYG000321835_01883,K00248
MGYG000321835_02035,K00248
MGYG000330945_00712,K00248
MGYG000321762_00001,K00248
MGYG000321762_02186,K00248
MGYG000328828_00105,K00248
MGYG000410269_00538,K00248
MGYG000410269_01943,K00248
MGYG000410269_02325,K00248
MGYG000410269_02861,K00248
MGYG000410269_03099,K00248
MGYG000331166_01090,K00248
MGYG000331166_01774,K00248
MGYG000326231_00512,K00248
MGYG000324365_01062,K00248
MGYG000323773_01656,K00248
MGYG000323773_01657,K00248
MGYG000331350_01576,K00248
MGYG000329698_03004,K00248
MGYG000329698_03005,K00248
MGYG000327199_03123,K00248
MGYG000403150_02346,K00248
MGYG000321821_03766,K00248
MGYG000321821_03767,K00248
MGYG000395351_02869,K00248
MGYG000328307_00505,K00248
MGYG000328307_01113,K00248
MGYG000328307_02085,K00248
MGYG000409008_02290,K00248
MGYG000323365_00170,K00248
MGYG000324773_00775,K00248
MGYG000324773_00776,K00248
MGYG000379181_01531,K00248
MGYG000379181_01532,K00248
MGYG000410762_01351,K00248
MGYG000410762_01603,K00248
MGYG000327989_01461,K00248
MGYG000322562_01241,K00248
MGYG000329393_00252,K00248
MGYG000329393_00762,K00248
MGYG000329393_01103,K00248
MGYG000329393_01514,K00248
MGYG000329393_01517,K00248
MGYG000329393_01966,K00248
MGYG000329393_02737,K00248
MGYG000408749_00602,K00248
MGYG000330231_00212,K00248
MGYG000330231_02261,K00248
MGYG000350270_01444,K00248
MGYG000350270_01683,K00248
MGYG000324939_00980,K00248
MGYG000392883_01967,K00248
MGYG000328921_01916,K00248
MGYG000328921_01917,K00248
MGYG000323172_00224,K00248
MGYG000411144_00324,K00248
MGYG000411144_03226,K00248
MGYG000372389_01892,K00248
MGYG000322803_01632,K00248
MGYG000327603_02406,K00248
MGYG000411366_00173,K00248
MGYG000411366_01474,K00248
MGYG000428375_00631,K00248
MGYG000322026_01395,K00248
MGYG000329428_00729,K00248
MGYG000325740_02169,K00248
MGYG000330775_01528,K00248
MGYG000330775_01529,K00248
MGYG000322951_02604,K00248
MGYG000322951_04267,K00248
MGYG000323350_01126,K00248
MGYG000366406_00081,K00248
MGYG000348373_00969,K00248
MGYG000326225_00095,K00248
MGYG000325356_01059,K00248
MGYG000325356_01060,K00248
MGYG000325483_00239,K00248
MGYG000325483_00240,K00248
MGYG000322095_00661,K00248
MGYG000324350_01851,K00248
MGYG000331015_00021,K00248
MGYG000331015_00022,K00248
MGYG000321928_00573,K00248
MGYG000321928_01735,K00248
MGYG000328724_00724,K00248
MGYG000399931_00403,K00248
MGYG000399931_00404,K00248
MGYG000328544_00945,K00248
MGYG000328544_01991,K00248
MGYG000323183_00297,K00248
MGYG000322466_00426,K00248
MGYG000322466_02019,K00248
MGYG000322466_02856,K00248
MGYG000327305_00819,K00248
MGYG000327305_00820,K00248
MGYG000328113_03109,K00248
MGYG000411456_00401,K00248
MGYG000411456_00521,K00248
MGYG000411456_02001,K00248
MGYG000411456_02004,K00248
MGYG000350642_01862,K00248
MGYG000328222_00793,K00248
MGYG000433611_00559,K00248
MGYG000433611_00560,K00248
MGYG000323306_00358,K00248
MGYG000323306_01299,K00248
MGYG000325650_02135,K00248
MGYG000325699_01366,K00248
MGYG000325699_01450,K00248
MGYG000322888_00689,K00248
MGYG000322888_01309,K00248
MGYG000322888_01741,K00248
MGYG000322888_02119,K00248
MGYG000369939_02399,K00248
MGYG000330981_01927,K00248
MGYG000330981_02386,K00248
MGYG000322813_03361,K00248
MGYG000322813_03362,K00248
MGYG000327239_01573,K00248
MGYG000322907_00189,K00248
MGYG000401185_02870,K00248
MGYG000401185_02871,K00248
MGYG000329006_01003,K00248
MGYG000322913_02593,K00248
MGYG000322064_02156,K00248
MGYG000322064_02458,K00248
MGYG000330671_00467,K00248
MGYG000321856_01887,K00248
MGYG000345025_01757,K00248
MGYG000325314_02368,K00248
MGYG000329884_01403,K00248
MGYG000329884_02058,K00248
MGYG000329884_02313,K00248
MGYG000325587_00497,K00248
MGYG000322191_00608,K00248
MGYG000373165_01399,K00248
MGYG000372291_02751,K00248
MGYG000323532_01340,K00248
MGYG000323532_05172,K00248
MGYG000323532_05915,K00248
MGYG000410996_00974,K00248
MGYG000322932_02130,K00248
MGYG000322103_01752,K00248
MGYG000353978_03093,K00248
MGYG000322759_02243,K00248
MGYG000322759_02244,K00248
MGYG000322273_01275,K00248
MGYG000322273_01386,K00248
MGYG000322273_02492,K00248
MGYG000380366_02019,K00248
MGYG000322874_02145,K00248
MGYG000410904_01406,K00248
MGYG000410904_01509,K00248
MGYG000352142_00774,K00248
MGYG000324380_01051,K00248
MGYG000322209_00981,K00248
MGYG000322209_00982,K00248
MGYG000383492_03926,K00248
MGYG000329431_00549,K00248
MGYG000329431_02182,K00248
MGYG000393684_01698,K00248
MGYG000393684_01699,K00248
MGYG000380284_03784,K00248
MGYG000322948_01895,K00248
MGYG000322948_02986,K00248
MGYG000330841_02837,K00248
MGYG000411525_00912,K00248
MGYG000411525_00913,K00248
MGYG000410838_01317,K00248
MGYG000410838_01318,K00248
MGYG000326793_00577,K00248
MGYG000326793_01995,K00248
MGYG000331130_00285,K00248
MGYG000324619_00624,K00248
MGYG000426974_02335,K00248
MGYG000324920_01592,K00248
MGYG000324920_01739,K00248
MGYG000324920_02683,K00248
MGYG000410701_01284,K00248
MGYG000410701_01405,K00248
MGYG000410701_02384,K00248
MGYG000410701_03147,K00248
MGYG000343891_02808,K00248
MGYG000322447_01698,K00248
MGYG000355405_00843,K00248
MGYG000322995_03275,K00248
MGYG000322501_00936,K00248
MGYG000322501_01794,K00248
MGYG000322737_02001,K00248
MGYG000323261_00321,K00248
MGYG000323782_01767,K00248
MGYG000321863_00221,K00248
MGYG000321863_01080,K00248
MGYG000321863_02011,K00248
MGYG000321863_02142,K00248
MGYG000330702_01126,K00248
MGYG000322321_02606,K00248
MGYG000330499_01947,K00248
MGYG000330621_01927,K00248
MGYG000322458_00689,K00248
MGYG000332328_02335,K00248
MGYG000323424_01042,K00248
MGYG000323424_02797,K00248
MGYG000329730_05867,K00248
MGYG000327494_01295,K00248
MGYG000327494_02226,K00248
MGYG000327388_00261,K00248
MGYG000327388_02069,K00248
MGYG000327388_02243,K00248
MGYG000327388_02807,K00248
MGYG000329348_00019,K00248
MGYG000329348_01112,K00248
MGYG000329348_01319,K00248
MGYG000329348_01559,K00248
MGYG000330365_00531,K00248
MGYG000322184_00520,K00248
MGYG000330709_01499,K00248
MGYG000411540_00442,K00248
MGYG000411540_00501,K00248
MGYG000411540_00517,K00248
MGYG000411540_00831,K00248
MGYG000329846_02090,K00248
MGYG000323430_02801,K00248
MGYG000326165_01866,K00248
MGYG000326165_01867,K00248
MGYG000357923_01535,K00248
MGYG000357923_01718,K00248
MGYG000326954_00625,K00248
MGYG000330290_00688,K00248
MGYG000329873_00719,K00248
MGYG000329873_01611,K00248
MGYG000329873_01624,K00248
MGYG000323026_02144,K00248
MGYG000323026_02450,K00248
MGYG000324606_00429,K00248
MGYG000410827_03112,K00248
MGYG000331069_00516,K00248
MGYG000323356_01811,K00248
MGYG000323356_02001,K00248
MGYG000330172_01601,K00248
MGYG000327973_01776,K00248
MGYG000322883_01950,K00248
MGYG000325371_01698,K00248
MGYG000325692_02197,K00248
MGYG000411611_00648,K00248
MGYG000411611_02954,K00248
MGYG000411611_02956,K00248
MGYG000327004_00178,K00248
MGYG000327004_00179,K00248
MGYG000328703_01507,K00248
MGYG000326833_00030,K00248
MGYG000326833_01094,K00248
MGYG000325417_01226,K00248
MGYG000325417_01227,K00248
MGYG000329125_02838,K00248
MGYG000329125_02839,K00248
MGYG000323363_01831,K00248
MGYG000321827_01573,K00248
MGYG000321827_01743,K00248
MGYG000411355_00492,K00248
MGYG000322709_00406,K00248
MGYG000406686_01563,K00248
MGYG000406686_04335,K00248
MGYG000406686_04336,K00248
MGYG000322824_00976,K00248
MGYG000322824_01195,K00248
MGYG000326007_01963,K00248
MGYG000322365_03904,K00248
MGYG000325709_01834,K00248
MGYG000322403_01710,K00248
MGYG000322129_00498,K00248
MGYG000322918_00005,K00248
MGYG000322918_00516,K00248
MGYG000322545_02718,K00248
MGYG000322545_02719,K00248
MGYG000382361_02938,K00248
MGYG000333158_02516,K00248
MGYG000324595_04245,K00248
MGYG000322380_00905,K00248
MGYG000322380_01657,K00248
MGYG000322380_02372,K00248
MGYG000379162_03603,K00248
MGYG000433528_01723,K00248
MGYG000433528_02095,K00248
MGYG000331300_00929,K00248
MGYG000331300_01547,K00248
MGYG000331300_01598,K00248
MGYG000323179_00590,K00248
MGYG000323179_01680,K00248
MGYG000410713_00524,K00248
MGYG000329398_00811,K00248
MGYG000383351_01193,K00248
MGYG000325380_00134,K00248
MGYG000325380_00135,K00248
MGYG000327499_02657,K00248
MGYG000327499_03696,K00248
MGYG000327499_03697,K00248
MGYG000327450_01133,K00248
MGYG000327450_01815,K00248
MGYG000327450_02437,K00248
MGYG000328734_00903,K00248
MGYG000325513_01389,K00248
MGYG000322934_00868,K00248
MGYG000321781_00378,K00248
MGYG000321781_01534,K00248
MGYG000321781_04094,K00248
MGYG000327491_01810,K00248
MGYG000323117_00995,K00248
MGYG000411584_00297,K00248
MGYG000411584_01608,K00248
MGYG000329804_00139,K00248
MGYG000329804_00465,K00248
MGYG000329804_00512,K00248
MGYG000329804_00520,K00248
MGYG000329804_00584,K00248
MGYG000329804_00596,K00248
MGYG000329804_00818,K00248
MGYG000329173_00981,K00248
MGYG000330642_00512,K00248
MGYG000324860_00695,K00248
MGYG000324860_00976,K00248
MGYG000324860_01629,K00248
MGYG000324860_01871,K00248
MGYG000352400_01454,K00248
MGYG000321732_04626,K00248
MGYG000328339_00564,K00248
MGYG000328339_01306,K00248
MGYG000328339_02390,K00248
MGYG000376491_01043,K00248
MGYG000330279_00259,K00248
MGYG000330279_00266,K00248
MGYG000404932_02049,K00248
MGYG000331408_02541,K00248
MGYG000327114_01201,K00248
MGYG000325327_02611,K00248
MGYG000325327_02612,K00248
MGYG000322731_00225,K00248
MGYG000322731_00296,K00248
MGYG000322731_00736,K00248
MGYG000330312_00443,K00248
MGYG000330312_00999,K00248
MGYG000330312_01819,K00248
MGYG000330312_01827,K00248
MGYG000322677_01246,K00248
MGYG000322677_01247,K00248
MGYG000322677_03231,K00248
MGYG000321844_00526,K00248
MGYG000324699_02399,K00248
MGYG000321902_00038,K00248
MGYG000321902_02381,K00248
MGYG000323300_00797,K00248
MGYG000323300_01619,K00248
MGYG000330725_00284,K00248
MGYG000322595_01301,K00248
MGYG000322595_02621,K00248
MGYG000322595_02629,K00248
MGYG000401314_02007,K00248
MGYG000328859_02097,K00248
MGYG000324593_03297,K00248
MGYG000327708_02527,K00248
MGYG000323507_02342,K00248
MGYG000326657_03102,K00248
MGYG000328404_02336,K00248
MGYG000328318_00027,K00248
MGYG000324300_01879,K00248
MGYG000327245_00202,K00248
MGYG000327245_00203,K00248
MGYG000337217_03566,K00248
MGYG000411516_01466,K00248
MGYG000411516_01511,K00248
MGYG000411516_02950,K00248
MGYG000330089_00692,K00248
MGYG000322825_02080,K00248
MGYG000322825_02233,K00248
MGYG000322825_02237,K00248
MGYG000325938_01582,K00248
MGYG000322532_02977,K00248
MGYG000322532_02978,K00248
MGYG000323228_00377,K00248
MGYG000410990_00933,K00248
MGYG000410990_02450,K00248
MGYG000410990_02622,K00248
MGYG000410732_00376,K00248
MGYG000410732_01637,K00248
MGYG000326257_01342,K00248
MGYG000326257_01343,K00248
MGYG000353437_03711,K00248
MGYG000325474_00513,K00248
MGYG000322062_02216,K00248
MGYG000322062_02217,K00248
MGYG000322581_02140,K00248
MGYG000322581_02146,K00248
MGYG000322581_02685,K00248
MGYG000325368_01139,K00248
MGYG000325368_01140,K00248
MGYG000325368_02548,K00248
MGYG000322915_03459,K00248
MGYG000322124_00127,K00248
MGYG000322124_00128,K00248
MGYG000348846_03610,K00248
MGYG000328006_00486,K00248
MGYG000349199_01045,K00248
MGYG000321817_01071,K00074
MGYG000333633_01684,K00074
MGYG000325743_02209,K00074
MGYG000322952_00381,K00074
MGYG000329337_01368,K00074
MGYG000325605_00506,K00074
MGYG000411479_01358,K00074
MGYG000331243_00442,K00074
MGYG000331243_00443,K00074
MGYG000410858_02855,K00074
MGYG000410775_02602,K00074
MGYG000368462_02870,K00074
MGYG000321740_00973,K00074
MGYG000323204_04013,K00074
MGYG000336488_03843,K00074
MGYG000329517_00365,K00074
MGYG000329517_00923,K00074
MGYG000327020_01136,K00074
MGYG000411284_00585,K00074
MGYG000325341_00953,K00074
MGYG000322757_01024,K00074
MGYG000329359_00151,K00074
MGYG000329359_01046,K00074
MGYG000328991_00691,K00074
MGYG000410761_01274,K00074
MGYG000410761_01275,K00074
MGYG000331002_00057,K00074
MGYG000375728_00955,K00074
MGYG000375728_01332,K00074
MGYG000410836_02886,K00074
MGYG000331414_01576,K00074
MGYG000322785_00467,K00074
MGYG000330752_02476,K00074
MGYG000325156_01080,K00074
MGYG000322540_00159,K00074
MGYG000322540_03332,K00074
MGYG000321858_00971,K00074
MGYG000329302_02530,K00074
MGYG000322821_02722,K00074
MGYG000322360_00381,K00074
MGYG000345456_00583,K00074
MGYG000322373_01233,K00074
MGYG000323234_01031,K00074
MGYG000410945_00362,K00074
MGYG000410945_00363,K00074
MGYG000324764_02005,K00074
MGYG000324849_00932,K00074
MGYG000324849_01412,K00074
MGYG000324849_01495,K00074
MGYG000410803_03022,K00074
MGYG000328851_00425,K00074
MGYG000328851_01285,K00074
MGYG000328851_01946,K00074
MGYG000327551_02400,K00074
MGYG000329585_00440,K00074
MGYG000329585_00481,K00074
MGYG000329585_00525,K00074
MGYG000322697_01645,K00074
MGYG000411458_00929,K00074
MGYG000322495_01291,K00074
MGYG000378854_01783,K00074
MGYG000322281_01665,K00074
MGYG000325374_03456,K00074
MGYG000322909_00387,K00074
MGYG000322909_01683,K00074
MGYG000322909_01853,K00074
MGYG000322909_04228,K00074
MGYG000322909_04229,K00074
MGYG000330031_00751,K00074
MGYG000330031_01560,K00074
MGYG000329700_00061,K00074
MGYG000327237_03546,K00074
MGYG000325232_01327,K00074
MGYG000322444_00574,K00074
MGYG000322444_02293,K00074
MGYG000327261_00684,K00074
MGYG000327261_01914,K00074
MGYG000324324_00672,K00074
MGYG000331311_01373,K00074
MGYG000323218_00875,K00074
MGYG000410969_00227,K00074
MGYG000410158_02364,K00074
MGYG000410158_02812,K00074
MGYG000329030_01794,K00074
MGYG000380661_01981,K00074
MGYG000330537_02665,K00074
MGYG000330192_03049,K00074
MGYG000330471_00194,K00074
MGYG000330471_01110,K00074
MGYG000329947_02620,K00074
MGYG000322863_00478,K00074
MGYG000325358_00218,K00074
MGYG000324959_01167,K00074
MGYG000324959_01830,K00074
MGYG000333614_02362,K00074
MGYG000326074_00205,K00074
MGYG000326074_00212,K00074
MGYG000410778_01208,K00074
MGYG000321926_01083,K00074
MGYG000328955_01692,K00074
MGYG000321874_02579,K00074
MGYG000325385_01227,K00074
MGYG000322100_00326,K00074
MGYG000411595_00482,K00074
MGYG000322931_03310,K00074
MGYG000328328_01015,K00074
MGYG000410699_02053,K00074
MGYG000331305_00516,K00074
MGYG000331305_02410,K00074
MGYG000321948_00166,K00074
MGYG000380772_00159,K00074
MGYG000322982_00583,K00074
MGYG000329604_00063,K00074
MGYG000322720_01195,K00074
MGYG000330629_00539,K00074
MGYG000329929_02960,K00074
MGYG000410098_01005,K00074
MGYG000410098_02187,K00074
MGYG000326644_01314,K00074
MGYG000326644_01316,K00074
MGYG000328974_00539,K00074
MGYG000327829_00689,K00074
MGYG000329834_01247,K00074
MGYG000326314_00451,K00074
MGYG000410737_01167,K00074
MGYG000410737_02228,K00074
MGYG000330863_02020,K00074
MGYG000325584_01549,K00074
MGYG000325584_01550,K00074
MGYG000322647_02040,K00074
MGYG000354553_02401,K00074
MGYG000322537_01307,K00074
MGYG000432202_01570,K00074
MGYG000411455_02904,K00074
MGYG000323149_01731,K00074
MGYG000326888_02994,K00074
MGYG000326888_02995,K00074
MGYG000386540_00188,K00074
MGYG000433597_01276,K00074
MGYG000324844_02704,K00074
MGYG000397328_01415,K00074
MGYG000411569_00094,K00074
MGYG000330666_01273,K00074
MGYG000330666_01274,K00074
MGYG000330666_01282,K00074
MGYG000326039_02108,K00074
MGYG000330982_02833,K00074
MGYG000322559_01280,K00074
MGYG000321888_00107,K00074
MGYG000321888_00108,K00074
MGYG000321888_03099,K00074
MGYG000330441_02137,K00074
MGYG000323596_01857,K00074
MGYG000323596_01975,K00074
MGYG000323596_02255,K00074
MGYG000323596_02361,K00074
MGYG000323596_02719,K00074
MGYG000323596_02746,K00074
MGYG000323596_02836,K00074
MGYG000410874_01179,K00074
MGYG000410874_01386,K00074
MGYG000328221_01489,K00074
MGYG000322366_00068,K00074
MGYG000322016_01388,K00074
MGYG000322016_02156,K00074
MGYG000322016_02157,K00074
MGYG000321824_00404,K00074
MGYG000410811_00751,K00074
MGYG000322546_02254,K00074
MGYG000322894_00978,K00074
MGYG000332160_01990,K00074
MGYG000332160_02220,K00074
MGYG000329148_00442,K00074
MGYG000330215_01103,K00074
MGYG000322636_02776,K00074
MGYG000322400_02751,K00074
MGYG000331213_00418,K00074
MGYG000321897_00515,K00074
MGYG000321897_00867,K00074
MGYG000326153_00652,K00074
MGYG000328464_00024,K00074
MGYG000331355_00698,K00074
MGYG000331177_01411,K00074
MGYG000410939_01231,K00074
MGYG000321883_04361,K00074
MGYG000331207_02367,K00074
MGYG000410278_01928,K00074
MGYG000322880_00681,K00074
MGYG000322880_02482,K00074
MGYG000322552_01205,K00074
MGYG000410458_00386,K00074
MGYG000410458_01321,K00074
MGYG000322002_02462,K00074
MGYG000325414_02446,K00074
MGYG000322144_01647,K00074
MGYG000327885_02165,K00074
MGYG000322658_00503,K00074
MGYG000368885_03322,K00074
MGYG000322435_02438,K00074
MGYG000329716_02028,K00074
MGYG000352925_01240,K00074
MGYG000410962_01069,K00074
MGYG000329041_02124,K00074
MGYG000322486_02685,K00074
MGYG000322492_02623,K00074
MGYG000325567_00904,K00074
MGYG000327562_02203,K00074
MGYG000327081_00852,K00074
MGYG000377989_00694,K00074
MGYG000330764_00481,K00074
MGYG000329113_00638,K00074
MGYG000329113_01103,K00074
MGYG000330308_00826,K00074
MGYG000409992_02455,K00074
MGYG000324305_02221,K00074
MGYG000321805_00727,K00074
MGYG000323031_01215,K00074
MGYG000331412_00932,K00074
MGYG000325492_01237,K00074
MGYG000325347_00215,K00074
MGYG000411282_00521,K00074
MGYG000329595_01207,K00074
MGYG000410883_03553,K00074
MGYG000410598_00714,K00074
MGYG000410417_00599,K00074
MGYG000328997_01227,K00074
MGYG000324298_00873,K00074
MGYG000327122_01242,K00074
MGYG000322477_00232,K00074
MGYG000322477_01686,K00074
MGYG000326747_01113,K00074
MGYG000327534_00368,K00074
MGYG000322899_00724,K00074
MGYG000322899_01827,K00074
MGYG000327650_01415,K00074
MGYG000322844_02186,K00074
MGYG000327466_00219,K00074
MGYG000327466_01251,K00074
MGYG000327466_02007,K00074
MGYG000322902_00536,K00074
MGYG000323303_01289,K00074
MGYG000411209_01377,K00074
MGYG000393816_00803,K00074
MGYG000325419_02509,K00074
MGYG000330937_01227,K00074
MGYG000373306_01493,K00074
MGYG000323465_00915,K00074
MGYG000323465_00939,K00074
MGYG000410725_01060,K00074
MGYG000411408_01953,K00074
MGYG000322865_00557,K00074
MGYG000322923_01745,K00074
MGYG000322923_04092,K00074
MGYG000322923_04219,K00074
MGYG000411252_00865,K00074
MGYG000411252_02210,K00074
MGYG000321866_01596,K00074
MGYG000321866_02401,K00074
MGYG000330582_00695,K00074
MGYG000330061_02529,K00074
MGYG000322959_02510,K00074
MGYG000322959_02757,K00074
MGYG000329799_02415,K00074
MGYG000327784_00419,K00074
MGYG000327784_01501,K00074
MGYG000329420_02820,K00074
MGYG000321731_02340,K00074
MGYG000321731_02473,K00074
MGYG000323358_02513,K00074
MGYG000333853_01146,K00074
MGYG000321808_02327,K00074
MGYG000326934_00823,K00074
MGYG000326934_01256,K00074
MGYG000330305_01639,K00074
MGYG000329602_02267,K00074
MGYG000327273_02371,K00074
MGYG000322984_00400,K00074
MGYG000410901_02619,K00074
MGYG000322795_02891,K00074
MGYG000411136_02956,K00074
MGYG000330978_00642,K00074
MGYG000327453_00702,K00074
MGYG000325389_01162,K00074
MGYG000329391_01690,K00074
MGYG000329819_03005,K00074
MGYG000329819_03469,K00074
MGYG000330719_00312,K00074
MGYG000328218_00786,K00074
MGYG000324807_02785,K00074
MGYG000410884_01088,K00074
MGYG000410884_01248,K00074
MGYG000403565_01949,K00074
MGYG000327109_00723,K00074
MGYG000322206_00883,K00074
MGYG000330171_00337,K00074
MGYG000329322_00445,K00074
MGYG000329322_00817,K00074
MGYG000331309_00926,K00074
MGYG000410140_00380,K00074
MGYG000410140_01046,K00074
MGYG000331079_00474,K00074
MGYG000325742_00120,K00074
MGYG000322354_00019,K00074
MGYG000322354_00200,K00074
MGYG000323744_02144,K00074
MGYG000323328_00762,K00074
MGYG000387335_00914,K00074
MGYG000322604_03178,K00074
MGYG000329217_00627,K00074
MGYG000325815_00887,K00074
MGYG000329666_00772,K00074
MGYG000329666_01645,K00074
MGYG000322742_01943,K00074
MGYG000325953_02113,K00074
MGYG000411402_00547,K00074
MGYG000325448_04768,K00074
MGYG000330157_02453,K00074
MGYG000322097_00463,K00074
MGYG000322097_01701,K00074
MGYG000328850_02569,K00074
MGYG000331420_00417,K00074
MGYG000330610_00730,K00074
MGYG000322375_00023,K00074
MGYG000322375_02462,K00074
MGYG000331346_00120,K00074
MGYG000321884_00398,K00074
MGYG000372815_01024,K00074
MGYG000328194_00892,K00074
MGYG000328531_01482,K00074
MGYG000322763_00883,K00074
MGYG000322763_01011,K00074
MGYG000322280_02527,K00074
MGYG000322280_02528,K00074
MGYG000325820_00477,K00074
MGYG000410577_00860,K00074
MGYG000326012_01312,K00074
MGYG000397726_02832,K00074
MGYG000322682_02121,K00074
MGYG000411217_00354,K00074
MGYG000329245_02034,K00074
MGYG000322966_00077,K00074
MGYG000322966_00078,K00074
MGYG000327919_02821,K00074
MGYG000410161_01344,K00074
MGYG000323367_00840,K00074
MGYG000390383_00416,K00074
MGYG000321875_02764,K00074
MGYG000330714_00563,K00074
MGYG000330652_01687,K00074
MGYG000322271_01272,K00074
MGYG000325498_00457,K00074
MGYG000321980_01778,K00074
MGYG000324794_02720,K00074
MGYG000328745_00145,K00074
MGYG000328745_00758,K00074
MGYG000409998_03515,K00074
MGYG000321722_03012,K00074
MGYG000328329_00028,K00074
MGYG000410698_02954,K00074
MGYG000330628_02572,K00074
MGYG000325337_01157,K00074
MGYG000411461_01928,K00074
MGYG000322498_01433,K00074
MGYG000374184_02216,K00074
MGYG000427398_00788,K00074
MGYG000427398_02805,K00074
MGYG000402947_02354,K00074
MGYG000330250_00632,K00074
MGYG000322359_01571,K00074
MGYG000322503_02522,K00074
MGYG000322735_00908,K00074
MGYG000410703_01540,K00074
MGYG000323169_01019,K00074
MGYG000325445_00755,K00074
MGYG000360070_00378,K00074
MGYG000322265_01324,K00074
MGYG000325390_00284,K00074
MGYG000329388_00625,K00074
MGYG000322924_00079,K00074
MGYG000322924_02472,K00074
MGYG000410586_00006,K00074
MGYG000410586_00022,K00074
MGYG000410586_01695,K00074
MGYG000405382_02558,K00074
MGYG000325558_02441,K00074
MGYG000329892_00279,K00074
MGYG000322839_01486,K00074
MGYG000329967_00708,K00074
MGYG000330721_01519,K00074
MGYG000356285_01045,K00074
MGYG000325714_01653,K00074
MGYG000324181_00483,K00074
MGYG000321840_04602,K00074
MGYG000321779_00027,K00074
MGYG000321854_00070,K00074
MGYG000321854_02076,K00074
MGYG000324476_02156,K00074
MGYG000328528_01351,K00074
MGYG000329835_01431,K00074
MGYG000329232_00445,K00074
MGYG000322585_02304,K00074
MGYG000327196_00303,K00074
MGYG000325646_01331,K00074
MGYG000327369_01461,K00074
MGYG000331263_02681,K00074
MGYG000326065_01114,K00074
MGYG000399050_00483,K00074
MGYG000323195_01809,K00074
MGYG000321703_01152,K00074
MGYG000321703_02598,K00074
MGYG000410994_01725,K00074
MGYG000327852_00819,K00074
MGYG000322193_02784,K00074
MGYG000329248_04013,K00074
MGYG000321766_01215,K00074
MGYG000410423_00248,K00074
MGYG000410423_01505,K00074
MGYG000358356_04484,K00074
MGYG000322881_03041,K00074
MGYG000322286_00787,K00074
MGYG000322286_01229,K00074
MGYG000322286_02664,K00074
MGYG000321831_00469,K00074
MGYG000321831_01750,K00074
MGYG000410729_02239,K00074
MGYG000325286_02115,K00074
MGYG000322690_00295,K00074
MGYG000390220_00015,K00074
MGYG000322832_01582,K00074
MGYG000322235_02633,K00074
MGYG000325401_01029,K00074
MGYG000405033_03359,K00074
MGYG000433808_04083,K00074
MGYG000322960_00150,K00074
MGYG000371688_01359,K00074
MGYG000327859_00221,K00074
MGYG000331268_00949,K00074
MGYG000321825_02469,K00074
MGYG000392808_00478,K00074
MGYG000329525_00879,K00074
MGYG000325198_01330,K00074
MGYG000330164_02348,K00074
MGYG000329180_01640,K00074
MGYG000321896_04690,K00074
MGYG000326364_03422,K00074
MGYG000325616_01935,K00074
MGYG000411230_01975,K00074
MGYG000411230_02336,K00074
MGYG000331280_01975,K00074
MGYG000366256_02419,K00074
MGYG000321804_02113,K00074
MGYG000325807_00809,K00074
MGYG000325807_01257,K00074
MGYG000330235_00637,K00074
MGYG000325200_02379,K00074
MGYG000329732_02490,K00074
MGYG000325493_01405,K00074
MGYG000328358_00985,K00074
MGYG000331233_01805,K00074
MGYG000324738_01266,K00074
MGYG000410919_01078,K00074
MGYG000410919_01910,K00074
MGYG000410919_02192,K00074
MGYG000328450_00719,K00074
MGYG000331361_00431,K00074
MGYG000321747_00757,K00074
MGYG000329984_00855,K00074
MGYG000330960_01316,K00074
MGYG000322869_00178,K00074
MGYG000323212_00078,K00074
MGYG000323212_00728,K00074
MGYG000402601_00575,K00074
MGYG000322352_01969,K00074
MGYG000330292_00100,K00074
MGYG000330292_02135,K00074
MGYG000322955_00746,K00074
MGYG000322955_01630,K00074
MGYG000322955_01939,K00074
MGYG000322955_01984,K00074
MGYG000322955_02204,K00074
MGYG000330637_01302,K00074
MGYG000325434_01282,K00074
MGYG000325712_00555,K00074
MGYG000330727_00042,K00074
MGYG000330727_00525,K00074
MGYG000322132_00584,K00074
MGYG000322242_01789,K00074
MGYG000325654_01631,K00074
MGYG000329366_02003,K00074
MGYG000404137_00753,K00074
MGYG000327184_01354,K00074
MGYG000321846_01516,K00074
MGYG000321846_02817,K00074
MGYG000321846_02823,K00074
MGYG000360334_01966,K00074
MGYG000331384_00709,K00074
MGYG000331384_01313,K00074
MGYG000328360_00395,K00074
MGYG000410618_00600,K00074
MGYG000410274_02443,K00074
MGYG000322524_00171,K00074
MGYG000322524_02618,K00074
MGYG000329400_02186,K00074
MGYG000327247_02566,K00074
MGYG000322654_02444,K00074
MGYG000322462_01457,K00074
MGYG000322462_02538,K00074
MGYG000328589_00033,K00074
MGYG000323187_02278,K00074
MGYG000410724_03386,K00074
MGYG000410992_01840,K00074
MGYG000322640_02836,K00074
MGYG000327912_00331,K00074
MGYG000323945_00101,K00074
MGYG000323250_01275,K00074
MGYG000323299_01435,K00074
MGYG000321852_01434,K00074
MGYG000346508_00760,K00074
MGYG000346508_00761,K00074
MGYG000383658_01232,K00074
MGYG000383658_01233,K00074
MGYG000383658_04497,K00074
MGYG000322126_00557,K00074
MGYG000322917_01145,K00074
MGYG000410711_01391,K00074
MGYG000325794_01009,K00074
MGYG000329603_03115,K00074
MGYG000327334_01436,K00074
MGYG000327334_03029,K00074
MGYG000322511_04014,K00074
MGYG000326724_00132,K00074
MGYG000325661_01479,K00074
MGYG000322870_02436,K00074
MGYG000329509_02093,K00074
MGYG000330524_01766,K00074
MGYG000322439_01916,K00074
MGYG000337340_01585,K00074
MGYG000322922_00629,K00074
MGYG000329492_02553,K00074
MGYG000329492_02554,K00074
MGYG000327439_01099,K00074
MGYG000330195_01768,K00074
MGYG000330195_02348,K00074
MGYG000322055_02500,K00074
MGYG000329989_01255,K00074
MGYG000329989_02058,K00074
MGYG000334402_01996,K00074
MGYG000401219_00373,K00074
MGYG000322780_00386,K00074
MGYG000323265_01271,K00074
MGYG000410914_01795,K00074
MGYG000410914_01796,K00074
MGYG000328207_03349,K00074
MGYG000321921_00544,K00074
MGYG000354313_00499,K00074
MGYG000393188_02392,K00074
MGYG000333415_02901,K00074
MGYG000323469_00326,K00074
MGYG000331299_00255,K00074
MGYG000410828_02138,K00074
MGYG000321992_02440,K00074
MGYG000328561_01059,K00074
MGYG000337384_02102,K00074
MGYG000326966_00893,K00074
MGYG000323128_02986,K00074
MGYG000325648_03446,K00074
MGYG000322542_00136,K00074
MGYG000410738_02300,K00074
MGYG000321820_00912,K00074
MGYG000329907_00351,K00074
MGYG000329907_02345,K00074
MGYG000325404_00459,K00074
MGYG000322362_00784,K00074
MGYG000322362_03462,K00074
MGYG000327547_00854,K00074
MGYG000327547_00862,K00074
MGYG000322376_03012,K00074
MGYG000330755_02031,K00074
MGYG000325626_04560,K00074
MGYG000331279_01771,K00074
MGYG000323146_00017,K00074
MGYG000322283_00110,K00074
MGYG000327529_02354,K00074
MGYG000321887_01458,K00074
MGYG000325094_00538,K00074
MGYG000329429_01075,K00074
MGYG000411198_01029,K00074
MGYG000411198_02252,K00074
MGYG000410157_00659,K00074
MGYG000410609_01541,K00074
MGYG000331258_00570,K00074
MGYG000330648_00417,K00074
MGYG000329665_02780,K00074
MGYG000330154_00644,K00074
MGYG000325999_01121,K00074
MGYG000322607_02485,K00074
MGYG000410541_01375,K00074
MGYG000328455_01642,K00074
MGYG000324351_02713,K00074
MGYG000345714_00614,K00074
MGYG000345714_00816,K00074
MGYG000345714_01700,K00074
MGYG000345714_01975,K00074
MGYG000330039_01026,K00074
MGYG000325519_02418,K00074
MGYG000325802_01454,K00074
MGYG000327036_01401,K00074
MGYG000327200_00521,K00074
MGYG000411286_00387,K00074
MGYG000411286_00822,K00074
MGYG000325175_00278,K00074
MGYG000325175_02118,K00074
MGYG000395856_02944,K00074
MGYG000323173_01174,K00074
MGYG000323173_01977,K00074
MGYG000324615_00943,K00074
MGYG000409996_02658,K00074
MGYG000409996_03257,K00074
MGYG000322509_01888,K00074
MGYG000381923_01209,K00074
MGYG000322205_00433,K00074
MGYG000322496_00605,K00074
MGYG000322496_01414,K00074
MGYG000322496_02250,K00074
MGYG000322496_02302,K00074
MGYG000322175_00246,K00074
MGYG000325878_02478,K00074
MGYG000411235_01526,K00074
MGYG000411235_01527,K00074
MGYG000323157_01608,K00074
MGYG000411113_00351,K00074
MGYG000411113_00352,K00074
MGYG000411113_02337,K00074
MGYG000329694_00207,K00074
MGYG000329694_02055,K00074
MGYG000411325_01144,K00074
MGYG000322779_00665,K00074
MGYG000322779_00666,K00074
MGYG000325645_00792,K00074
MGYG000322123_01715,K00074
MGYG000411055_01207,K00074
MGYG000411055_01689,K00074
MGYG000323313_01483,K00074
MGYG000321911_00616,K00074
MGYG000327851_00185,K00074
MGYG000322968_00674,K00074
MGYG000322968_00758,K00074
MGYG000322968_01358,K00074
MGYG000411505_01191,K00074
MGYG000322645_02512,K00074
MGYG000331110_03317,K00074
MGYG000328883_00103,K00074
MGYG000433953_00048,K00074
MGYG000321925_01255,K00074
MGYG000322717_01070,K00074
MGYG000411382_01872,K00074
MGYG000411382_03900,K00074
MGYG000432807_00007,K00074
MGYG000410101_00005,K00074
MGYG000410101_01852,K00074
MGYG000329013_02093,K00074
MGYG000329649_00272,K00074
MGYG000327181_01412,K00074
MGYG000330949_01811,K00074
MGYG000321997_01993,K00074
MGYG000329424_01063,K00074
MGYG000329424_03189,K00074
MGYG000329879_00487,K00074
MGYG000322393_02954,K00074
MGYG000328763_02464,K00074
MGYG000322670_00396,K00074
MGYG000324891_00919,K00074
MGYG000330253_00960,K00074
MGYG000326390_00890,K00074
MGYG000324730_01198,K00074
MGYG000322116_01061,K00074
MGYG000322927_01844,K00074
MGYG000325736_01228,K00074
MGYG000322861_01351,K00074
MGYG000330473_01500,K00074
MGYG000322050_01319,K00074
MGYG000322791_00397,K00074
MGYG000330467_01253,K00074
MGYG000330467_01630,K00074
MGYG000432658_02067,K00074
MGYG000328319_02400,K00074
MGYG000329160_01668,K00074
MGYG000325949_00081,K00074
MGYG000325949_00769,K00074
MGYG000401664_00269,K00074
MGYG000368824_01499,K00074
MGYG000321930_01524,K00074
MGYG000328234_03425,K00074
MGYG000402108_00072,K00074
MGYG000329729_00535,K00074
MGYG000433651_02576,K00074
MGYG000321876_00482,K00074
MGYG000328399_01575,K00074
MGYG000322452_00921,K00074
MGYG000323561_01002,K00074
MGYG000323348_02175,K00074
MGYG000411588_02869,K00074
MGYG000411541_01203,K00074
MGYG000326648_01757,K00074
MGYG000329349_01419,K00074
MGYG000325484_03470,K00074
MGYG000367176_01105,K00074
MGYG000415524_00400,K00074
MGYG000323607_03543,K00074
MGYG000330291_00910,K00074
MGYG000330291_02059,K00074
MGYG000322956_00889,K00074
MGYG000322956_01918,K00074
MGYG000328321_00617,K00074
MGYG000387732_00145,K00074
MGYG000321807_00437,K00074
MGYG000325423_00604,K00074
MGYG000325423_00605,K00074
MGYG000327426_01106,K00074
MGYG000322729_02313,K00074
MGYG000331376_01182,K00074
MGYG000326941_00140,K00074
MGYG000326941_00141,K00074
MGYG000326941_00166,K00074
MGYG000326941_01385,K00074
MGYG000331189_00474,K00074
MGYG000331189_00758,K00074
MGYG000323080_01702,K00074
MGYG000323080_02592,K00074
MGYG000322938_00724,K00074
MGYG000322938_01129,K00074
MGYG000322938_01313,K00074
MGYG000322938_02076,K00074
MGYG000325804_00048,K00074
MGYG000322423_01440,K00074
MGYG000322615_01727,K00074
MGYG000322306_01901,K00074
MGYG000323012_01281,K00074
MGYG000321826_01252,K00074
MGYG000328841_01407,K00074
MGYG000328841_01408,K00074
MGYG000322234_02149,K00074
MGYG000327294_02442,K00074
MGYG000325634_01356,K00074
MGYG000328520_00314,K00074
MGYG000329183_01372,K00074
MGYG000330021_00836,K00074
MGYG000322416_01694,K00074
MGYG000330490_01344,K00074
MGYG000322599_01755,K00074
MGYG000342331_00936,K00074
MGYG000410799_00049,K00074
MGYG000328702_01106,K00074
MGYG000328702_01719,K00074
MGYG000411389_02547,K00074
MGYG000325599_01447,K00074
MGYG000329254_02639,K00074
MGYG000323140_00280,K00074
MGYG000410941_02520,K00074
MGYG000321832_01351,K00074
MGYG000321832_01429,K00074
MGYG000402848_02148,K00074
MGYG000331229_00010,K00074
MGYG000323266_01183,K00074
MGYG000331159_02132,K00074
MGYG000331159_02364,K00074
MGYG000325440_01351,K00074
MGYG000325395_00257,K00074
MGYG000384939_00849,K00074
MGYG000411066_00611,K00074
MGYG000364110_00214,K00074
MGYG000330019_02042,K00074
MGYG000329805_01619,K00074
MGYG000372735_01563,K00074
MGYG000410390_01856,K00074
MGYG000331315_01419,K00074
MGYG000336229_01085,K00074
MGYG000321733_00985,K00074
MGYG000334291_00569,K00074
MGYG000328081_00271,K00074
MGYG000328081_01659,K00074
MGYG000328081_04807,K00074
MGYG000330313_00024,K00074
MGYG000327323_01951,K00074
MGYG000329600_00352,K00074
MGYG000330288_00004,K00074
MGYG000322986_00938,K00074
MGYG000324875_02205,K00074
MGYG000328740_01447,K00074
MGYG000325724_02098,K00074
MGYG000322104_01028,K00074
MGYG000328796_03236,K00074
MGYG000329350_00552,K00074
MGYG000322797_01670,K00074
MGYG000329166_02340,K00074
MGYG000325454_01598,K00074
MGYG000325454_02327,K00074
MGYG000347006_01103,K00074
MGYG000330260_00810,K00074
MGYG000349625_02579,K00074
MGYG000326060_01895,K00074
MGYG000324065_01099,K00074
MGYG000323229_01742,K00074
MGYG000371123_02029,K00074
MGYG000410991_01239,K00074
MGYG000395421_01812,K00074
MGYG000330506_02401,K00074
MGYG000330730_00547,K00074
MGYG000330489_00210,K00074
MGYG000330489_00734,K00074
MGYG000330489_01517,K00074
MGYG000330489_03230,K00074
MGYG000322549_01888,K00074
MGYG000330676_00829,K00074
MGYG000328377_01801,K00074
MGYG000410922_02060,K00074
MGYG000410922_02061,K00074
MGYG000321851_02371,K00074
MGYG000328231_03119,K00074
MGYG000410864_01098,K00074
MGYG000321917_00143,K00074
MGYG000328836_00086,K00074
MGYG000321903_01164,K00074
MGYG000323301_00753,K00074
MGYG000324467_01526,K00074
MGYG000323247_00154,K00074
MGYG000331387_00928,K00074
MGYG000331387_01243,K00074
MGYG000331387_02162,K00074
MGYG000331387_02206,K00074
MGYG000331387_02234,K00074
MGYG000322288_01195,K00074
MGYG000329962_00756,K00074
MGYG000329962_01072,K00074
MGYG000328214_01591,K00074
MGYG000325711_01610,K00074
MGYG000411226_01242,K00074
MGYG000330809_00293,K00074
MGYG000322900_00179,K00074
MGYG000331334_01113,K00074
MGYG000321979_01466,K00074
MGYG000331272_00956,K00074
MGYG000325594_00831,K00074
MGYG000322461_01831,K00074
MGYG000406657_00075,K00074
MGYG000411492_01489,K00074
MGYG000325411_00810,K00074
MGYG000322694_01311,K00074
MGYG000322694_02397,K00074
MGYG000410031_01201,K00074
MGYG000321835_02036,K00074
MGYG000330945_00585,K00074
MGYG000329645_00114,K00074
MGYG000321762_01383,K00074
MGYG000321762_02183,K00074
MGYG000323130_01788,K00074
MGYG000328828_00104,K00074
MGYG000410269_01944,K00074
MGYG000410269_02520,K00074
MGYG000410269_02550,K00074
MGYG000410269_03021,K00074
MGYG000331166_01091,K00074
MGYG000324365_01061,K00074
MGYG000323773_01658,K00074
MGYG000331350_01577,K00074
MGYG000329698_03003,K00074
MGYG000327199_03122,K00074
MGYG000403150_02347,K00074
MGYG000321821_03768,K00074
MGYG000323418_00641,K00074
MGYG000410449_01596,K00074
MGYG000358403_00548,K00074
MGYG000328307_01538,K00074
MGYG000328307_01539,K00074
MGYG000328307_02473,K00074
MGYG000324773_00777,K00074
MGYG000379181_01533,K00074
MGYG000410762_01604,K00074
MGYG000322879_01213,K00074
MGYG000327989_00137,K00074
MGYG000327989_01840,K00074
MGYG000322562_02254,K00074
MGYG000329393_00253,K00074
MGYG000350270_01351,K00074
MGYG000323202_00773,K00074
MGYG000324939_00978,K00074
MGYG000328921_01918,K00074
MGYG000323172_00225,K00074
MGYG000411144_00659,K00074
MGYG000411144_01697,K00074
MGYG000411144_01698,K00074
MGYG000330633_01556,K00074
MGYG000327603_02405,K00074
MGYG000411366_00177,K00074
MGYG000411366_02275,K00074
MGYG000322026_01394,K00074
MGYG000325740_02170,K00074
MGYG000330775_01530,K00074
MGYG000323350_01125,K00074
MGYG000366406_00080,K00074
MGYG000366406_00525,K00074
MGYG000366406_01501,K00074
MGYG000325356_01058,K00074
MGYG000325483_00238,K00074
MGYG000322095_00662,K00074
MGYG000327486_01885,K00074
MGYG000324350_01852,K00074
MGYG000331015_00023,K00074
MGYG000321928_00497,K00074
MGYG000321928_01600,K00074
MGYG000328724_00723,K00074
MGYG000399931_00405,K00074
MGYG000410387_01447,K00074
MGYG000328544_00944,K00074
MGYG000328544_01994,K00074
MGYG000323183_00298,K00074
MGYG000330759_00847,K00074
MGYG000322466_02018,K00074
MGYG000327305_00821,K00074
MGYG000411456_00403,K00074
MGYG000411456_02509,K00074
MGYG000328222_01081,K00074
MGYG000433611_00561,K00074
MGYG000323306_01300,K00074
MGYG000363910_01194,K00074
MGYG000325650_02134,K00074
MGYG000325699_01449,K00074
MGYG000322888_00860,K00074
MGYG000322888_01011,K00074
MGYG000322888_02118,K00074
MGYG000369939_02400,K00074
MGYG000330981_02387,K00074
MGYG000330981_02658,K00074
MGYG000327239_01574,K00074
MGYG000401185_01790,K00074
MGYG000329006_01002,K00074
MGYG000322913_00826,K00074
MGYG000322913_00897,K00074
MGYG000322064_02159,K00074
MGYG000377252_00002,K00074
MGYG000330671_00468,K00074
MGYG000345025_01758,K00074
MGYG000330926_00809,K00074
MGYG000325314_02367,K00074
MGYG000329884_00148,K00074
MGYG000329884_00886,K00074
MGYG000329884_02312,K00074
MGYG000325587_00496,K00074
MGYG000322191_00607,K00074
MGYG000322083_00884,K00074
MGYG000368565_00667,K00074
MGYG000326584_00208,K00074
MGYG000323532_00253,K00074
MGYG000323532_00533,K00074
MGYG000323532_03639,K00074
MGYG000410996_00973,K00074
MGYG000322103_01751,K00074
MGYG000322759_02242,K00074
MGYG000322273_00214,K00074
MGYG000322273_02491,K00074
MGYG000322874_02144,K00074
MGYG000322202_02639,K00074
MGYG000322209_00980,K00074
MGYG000329431_02181,K00074
MGYG000393684_01700,K00074
MGYG000330841_02838,K00074
MGYG000411525_00914,K00074
MGYG000410838_01319,K00074
MGYG000326793_01996,K00074
MGYG000324619_00625,K00074
MGYG000324920_02682,K00074
MGYG000433821_00569,K00074
MGYG000321819_00077,K00074
MGYG000410701_01283,K00074
MGYG000322447_01699,K00074
MGYG000355405_00842,K00074
MGYG000413969_02131,K00074
MGYG000322501_00564,K00074
MGYG000322737_02002,K00074
MGYG000331368_00857,K00074
MGYG000433776_03251,K00074
MGYG000323782_01572,K00074
MGYG000400731_00183,K00074
MGYG000321863_00222,K00074
MGYG000330702_00273,K00074
MGYG000322321_02607,K00074
MGYG000330499_01946,K00074
MGYG000322943_01448,K00074
MGYG000322458_00690,K00074
MGYG000323048_00530,K00074
MGYG000323424_01748,K00074
MGYG000411554_01006,K00074
MGYG000329730_00731,K00074
MGYG000329730_07018,K00074
MGYG000327494_01294,K00074
MGYG000327388_02070,K00074
MGYG000329348_00048,K00074
MGYG000330365_00529,K00074
MGYG000411540_01295,K00074
MGYG000411540_01409,K00074
MGYG000411540_02457,K00074
MGYG000322153_01428,K00074
MGYG000323430_02802,K00074
MGYG000331225_00305,K00074
MGYG000331225_00715,K00074
MGYG000326165_01865,K00074
MGYG000330290_00689,K00074
MGYG000329873_00963,K00074
MGYG000323026_00080,K00074
MGYG000324606_00430,K00074
MGYG000410827_03113,K00074
MGYG000331069_01485,K00074
MGYG000323356_01731,K00074
MGYG000330172_01602,K00074
MGYG000327973_01777,K00074
MGYG000322883_01951,K00074
MGYG000325371_01699,K00074
MGYG000325692_02196,K00074
MGYG000411611_01804,K00074
MGYG000327004_00177,K00074
MGYG000328703_01506,K00074
MGYG000326833_01093,K00074
MGYG000329580_01335,K00074
MGYG000325417_01225,K00074
MGYG000329125_02840,K00074
MGYG000323363_01830,K00074
MGYG000321827_00406,K00074
MGYG000410353_01474,K00074
MGYG000410353_01612,K00074
MGYG000410353_01840,K00074
MGYG000411355_00491,K00074
MGYG000406686_04337,K00074
MGYG000322824_02147,K00074
MGYG000325709_01833,K00074
MGYG000322403_01711,K00074
MGYG000322129_01499,K00074
MGYG000322918_00514,K00074
MGYG000322545_02720,K00074
MGYG000385805_02697,K00074
MGYG000322380_00904,K00074
MGYG000433528_00178,K00074
MGYG000433528_01725,K00074
MGYG000327925_02265,K00074
MGYG000331300_00649,K00074
MGYG000331300_00886,K00074
MGYG000331300_01468,K00074
MGYG000331300_02094,K00074
MGYG000323209_03654,K00074
MGYG000323179_00591,K00074
MGYG000410713_00523,K00074
MGYG000325380_00136,K00074
MGYG000327499_03698,K00074
MGYG000325455_01394,K00074
MGYG000325513_01390,K00074
MGYG000325808_00434,K00074
MGYG000328211_01523,K00074
MGYG000321781_02503,K00074
MGYG000321781_03231,K00074
MGYG000321781_04095,K00074
MGYG000321885_03177,K00074
MGYG000321885_03823,K00074
MGYG000337678_00922,K00074
MGYG000327491_02192,K00074
MGYG000322075_02554,K00074
MGYG000331191_01153,K00074
MGYG000323117_00357,K00074
MGYG000411584_00060,K00074
MGYG000411584_01661,K00074
MGYG000411584_01871,K00074
MGYG000411584_01872,K00074
MGYG000329804_01972,K00074
MGYG000329804_01973,K00074
MGYG000329173_00982,K00074
MGYG000330642_00511,K00074
MGYG000330642_01774,K00074
MGYG000324860_01628,K00074
MGYG000328339_01744,K00074
MGYG000328339_01745,K00074
MGYG000328948_00993,K00074
MGYG000376491_01034,K00074
MGYG000330279_00264,K00074
MGYG000331408_02540,K00074
MGYG000327114_01200,K00074
MGYG000325327_02613,K00074
MGYG000322731_00226,K00074
MGYG000322731_01778,K00074
MGYG000330312_01399,K00074
MGYG000330312_01795,K00074
MGYG000322677_01248,K00074
MGYG000321844_00326,K00074
MGYG000321844_01310,K00074
MGYG000321844_02064,K00074
MGYG000321844_03126,K00074
MGYG000321844_03305,K00074
MGYG000324699_02398,K00074
MGYG000321902_00037,K00074
MGYG000323300_00788,K00074
MGYG000322595_02432,K00074
MGYG000328859_00995,K00074
MGYG000326657_03106,K00074
MGYG000328404_02335,K00074
MGYG000328318_00026,K00074
MGYG000330619_00003,K00074
MGYG000327245_00201,K00074
MGYG000329896_00635,K00074
MGYG000411516_01987,K00074
MGYG000411516_01988,K00074
MGYG000330089_00694,K00074
MGYG000389885_02586,K00074
MGYG000390126_02433,K00074
MGYG000380830_01426,K00074
MGYG000414899_02689,K00074
MGYG000351214_01232,K00074
MGYG000322532_02976,K00074
MGYG000324796_00838,K00074
MGYG000323228_00376,K00074
MGYG000410990_01442,K00074
MGYG000410990_01582,K00074
MGYG000410990_01741,K00074
MGYG000410990_02451,K00074
MGYG000322942_00331,K00074
MGYG000410732_00377,K00074
MGYG000326257_01344,K00074
MGYG000323158_01110,K00074
MGYG000323158_01853,K00074
MGYG000325474_01612,K00074
MGYG000322062_02215,K00074
MGYG000322581_02147,K00074
MGYG000325368_01138,K00074
MGYG000329370_01986,K00074
MGYG000322915_01308,K00074
MGYG000322915_02513,K00074
MGYG000322915_02514,K00074
MGYG000322915_03908,K00074
MGYG000322124_00129,K00074
MGYG000328006_00485,K00074
MGYG000331392_01236,K00074
